case,system,space,path,status,error,profile_seconds,search_stage_seconds,measured_stage_sum_s,search_e2e_seconds,search_timing_method,search_preparation_and_other_s,phase,memory_profile_mode,memory_profile_min_sequence,memory_profile_max_sequence
llama7b_2k,devastator,common,/opt/hbv/trainir-h20-experiments/20260927-v1/runs/llama7b_2k/devastator/common/01,failed,RuntimeError('Stage selected_training failed: /opt/hbv/trainir-h20-experiments/20260927-v1/runs/llama7b_2k/devastator/common/01/stages/selected_training.log'),0,45.5382861699909,45.5382861699909,45.57224202156067,Reconstructed from original driver stdout log birth to selected-training stdout log birth,0.03395585156977177,,,,
llama7b_2k,devastator,common,/opt/hbv/trainir-h20-experiments/20260927-v1/runs/llama7b_2k/devastator/common/01/training_retries/02,completed,,,,,,,,training_retry,,,
llama7b_2k,devastator,full,/opt/hbv/trainir-h20-experiments/20260927-v1/runs/llama7b_2k/devastator/full/01,completed,,0,195.74894682876766,195.74894682876766,195.8269351311028,Linux process start ticks to pre-training boundary,0.07798830233514309,,,,
llama7b_2k,galvatron,common,/opt/hbv/trainir-h20-experiments/20260927-v1/runs/llama7b_2k/galvatron/common/01,failed,RuntimeError('Stage selected_training failed: /opt/hbv/trainir-h20-experiments/20260927-v1/runs/llama7b_2k/galvatron/common/01/stages/selected_training.log'),668.8334797881544,4.5337232276797295,673.3672030158341,679.4876208305359,Reconstructed from original driver stdout log birth to selected-training stdout log birth,6.120417814701796,,static,2048,2048
llama7b_2k,galvatron,common,/opt/hbv/trainir-h20-experiments/20260927-v1/runs/llama7b_2k/galvatron/common/01/training_retries/02,completed,,,,,,,,training_retry,,,
llama7b_2k,galvatron,full,/opt/hbv/trainir-h20-experiments/20260927-v1/runs/llama7b_2k/galvatron/full/01,completed,,684.2683011712506,686.1726822312921,1370.4409834025428,1376.7221306432039,Linux process start ticks to pre-training boundary,6.281147240661085,,static,2048,2048
llama2_7b_4k,devastator,common,/opt/hbv/trainir-h20-experiments/20260927-v1/runs/llama2_7b_4k/devastator/common/01,completed,,0,52.839448273181915,52.839448273181915,52.8802809715271,Reconstructed from original driver stdout log birth to selected-training stdout log birth,0.040832698345184326,,,,
llama2_7b_4k,devastator,full,/opt/hbv/trainir-h20-experiments/20260927-v1/runs/llama2_7b_4k/devastator/full/01,completed,,0,257.08984501007944,257.08984501007944,257.1685906276107,Linux process start ticks to pre-training boundary,0.07874561753123999,,,,
llama2_7b_4k,galvatron,common,/opt/hbv/trainir-h20-experiments/20260927-v1/runs/llama2_7b_4k/galvatron/common/01,completed,,741.6460334742442,4.456273505464196,746.1023069797084,749.9199869632721,Reconstructed from original driver stdout log birth to selected-training stdout log birth,3.817679983563721,,static,4096,4096
llama2_7b_4k,galvatron,full,/opt/hbv/trainir-h20-experiments/20260927-v1/runs/llama2_7b_4k/galvatron/full/01,completed,,751.5023065684363,668.6558012878522,1420.1581078562886,1426.4308670731261,Linux process start ticks to pre-training boundary,6.272759216837585,,static,4096,4096
llama2_13b_4k,devastator,common,/opt/hbv/trainir-h20-experiments/20260927-v1/runs/llama2_13b_4k/devastator/common/01,completed,,0,38.86928366497159,38.86928366497159,38.9184161843732,Linux process start ticks to pre-training boundary,0.0491325194016099,,,,
llama2_13b_4k,devastator,full,/opt/hbv/trainir-h20-experiments/20260927-v1/runs/llama2_13b_4k/devastator/full/01,completed,,0,236.6535640442744,236.6535640442744,236.74187028594315,Linux process start ticks to pre-training boundary,0.08830624166876078,,,,
llama2_13b_4k,galvatron,common,/opt/hbv/trainir-h20-experiments/20260927-v1/runs/llama2_13b_4k/galvatron/common/01,completed,,755.0972808757797,5.083163290284574,760.1804441660643,766.2029605871066,Linux process start ticks to pre-training boundary,6.022516421042383,,static,4096,4096
llama2_13b_4k,galvatron,full,/opt/hbv/trainir-h20-experiments/20260927-v1/runs/llama2_13b_4k/galvatron/full/01,completed,,773.2345763510093,893.8965879688039,1667.1311643198133,1673.4371223887429,Linux process start ticks to pre-training boundary,6.305958068929613,,static,4096,4096
llama3_8b_8k,devastator,common,/opt/hbv/trainir-h20-experiments/20260927-v1/runs/llama3_8b_8k/devastator/common/01,completed,,0,82.95594047009945,82.95594047009945,83.00354084931314,Linux process start ticks to pre-training boundary,0.04760037921369076,,,,
llama3_8b_8k,devastator,full,/opt/hbv/trainir-h20-experiments/20260927-v1/runs/llama3_8b_8k/devastator/full/01,completed,,0,309.43231237027794,309.43231237027794,309.5076353829354,Linux process start ticks to pre-training boundary,0.07532301265746355,,,,
llama3_8b_8k,galvatron,common,/opt/hbv/trainir-h20-experiments/20260927-v1/runs/llama3_8b_8k/galvatron/common/01,completed,,1175.2963497154415,4.439619643613696,1179.7359693590552,1185.76408633776,Linux process start ticks to pre-training boundary,6.028116978704929,,static,8192,8192
llama3_8b_8k,galvatron,full,/opt/hbv/trainir-h20-experiments/20260927-v1/runs/llama3_8b_8k/galvatron/full/01,completed,,1221.9211714919657,478.23455640953034,1700.155727901496,1706.5256958268583,Linux process start ticks to pre-training boundary,6.369967925362289,,static,8192,8192
qwen2_1p5b_32k,devastator,common,/opt/hbv/trainir-h20-experiments/20260927-v1/runs/qwen2_1p5b_32k/devastator/common/01,completed,,0,54.78614029660821,54.78614029660821,54.83477233257145,Linux process start ticks to pre-training boundary,0.048632035963237286,,,,
qwen2_1p5b_32k,devastator,full,/opt/hbv/trainir-h20-experiments/20260927-v1/runs/qwen2_1p5b_32k/devastator/full/01,completed,,0,341.6511527802795,341.6511527802795,341.72529695089906,Linux process start ticks to pre-training boundary,0.07414417061954737,,,,
qwen2_1p5b_32k,galvatron,common,/opt/hbv/trainir-h20-experiments/20260927-v1/runs/qwen2_1p5b_32k/galvatron/common/01,failed,RuntimeError('Stage memory_008 failed: /opt/hbv/trainir-h20-experiments/20260927-v1/runs/qwen2_1p5b_32k/galvatron/common/01/stages/memory_008.log'),1688.176919943653,,,1694.0455333441496,Linux process start ticks to pre-training boundary,,,static,32768,32768
qwen2_1p5b_32k,galvatron,common,/opt/hbv/trainir-h20-experiments/20260927-v1/runs/qwen2_1p5b_32k/galvatron/common/02,completed,,699.0518502295017,4.823729794472456,703.8755800239742,710.173124675639,Linux process start ticks to pre-training boundary,6.2975446516647935,,sequence,1024,4096
qwen2_1p5b_32k,galvatron,full,/opt/hbv/trainir-h20-experiments/20260927-v1/runs/qwen2_1p5b_32k/galvatron/full/01,completed,,743.5160678112879,83.8999649817124,827.4160327930003,833.8990761237219,Linux process start ticks to pre-training boundary,6.483043330721557,,sequence,1024,4096
qwen2_7b_32k,devastator,common,/opt/hbv/trainir-h20-experiments/20260927-v1/runs/qwen2_7b_32k/devastator/common/01,no_feasible_candidate,,0,18.714333821088076,18.714333821088076,18.758099137805402,Linux process start ticks to pre-training boundary,0.04376531671732664,,,,
qwen2_7b_32k,devastator,full,/opt/hbv/trainir-h20-experiments/20260927-v1/runs/qwen2_7b_32k/devastator/full/01,completed,,0,260.39907254837453,260.39907254837453,260.46533209085464,Linux process start ticks to pre-training boundary,0.06625954248011112,,,,
qwen2_7b_32k,galvatron,common,/opt/hbv/trainir-h20-experiments/20260927-v1/runs/qwen2_7b_32k/galvatron/common/01,failed,RuntimeError('Stage memory_001 failed: /opt/hbv/trainir-h20-experiments/20260927-v1/runs/qwen2_7b_32k/galvatron/common/01/stages/memory_001.log'),385.9103058949113,,,392.0999640095979,Linux process start ticks to pre-training boundary,,,static,32768,32768
qwen2_7b_32k,galvatron,common,/opt/hbv/trainir-h20-experiments/20260927-v1/runs/qwen2_7b_32k/galvatron/common/02,completed,,733.7034906828776,4.833128799684346,738.536619482562,744.8208749471232,Linux process start ticks to pre-training boundary,6.284255464561284,,sequence,1024,4096
qwen2_7b_32k,galvatron,full,/opt/hbv/trainir-h20-experiments/20260927-v1/runs/qwen2_7b_32k/galvatron/full/01,completed,,746.4140776433051,211.2441597795114,957.6582374228165,963.9062643488869,Linux process start ticks to pre-training boundary,6.248026926070452,,sequence,1024,4096
qwen25_14b_8k,devastator,common,/opt/hbv/trainir-h20-experiments/20260927-v1/runs/qwen25_14b_8k/devastator/common/01,completed,,0,48.08406466897577,48.08406466897577,48.136443491093814,Linux process start ticks to pre-training boundary,0.0523788221180439,,,,
qwen25_14b_8k,devastator,full,/opt/hbv/trainir-h20-experiments/20260927-v1/runs/qwen25_14b_8k/devastator/full/01,completed,,0,185.1044863415882,185.1044863415882,185.20786019507796,Linux process start ticks to pre-training boundary,0.10337385348975658,,,,
qwen25_14b_8k,galvatron,common,/opt/hbv/trainir-h20-experiments/20260927-v1/runs/qwen25_14b_8k/galvatron/common/01,completed,,646.9369684383273,5.07247107103467,652.009439509362,658.2399212643504,Linux process start ticks to pre-training boundary,6.230481754988432,,sequence,1024,4096
qwen25_14b_8k,galvatron,full,/opt/hbv/trainir-h20-experiments/20260927-v1/runs/qwen25_14b_8k/galvatron/full/01,completed,,653.2959149284288,697.7878610193729,1351.0837759478018,1357.3151785824448,Linux process start ticks to pre-training boundary,6.231402634643018,,sequence,1024,4096
qwen3_14b_4k,devastator,common,/opt/hbv/trainir-h20-experiments/20260927-v1/runs/qwen3_14b_4k/devastator/common/01,completed,,0,50.36069662217051,50.36069662217051,50.40718906279653,Linux process start ticks to pre-training boundary,0.0464924406260252,,,,
qwen3_14b_4k,devastator,full,/opt/hbv/trainir-h20-experiments/20260927-v1/runs/qwen3_14b_4k/devastator/full/01,failed,RuntimeError('Stage selected_training failed: /opt/hbv/trainir-h20-experiments/20260927-v1/runs/qwen3_14b_4k/devastator/full/01/stages/selected_training.log'),0,204.63068599347025,204.63068599347025,204.71868251357228,Linux process start ticks to pre-training boundary,0.08799652010202408,,,,
qwen3_14b_4k,galvatron,common,/opt/hbv/trainir-h20-experiments/20260927-v1/runs/qwen3_14b_4k/galvatron/common/01,completed,,1079.975301016122,4.848497990518808,1084.823799006641,1091.1205072142184,Linux process start ticks to pre-training boundary,6.296708207577467,,static,4096,4096
qwen3_14b_4k,galvatron,full,/opt/hbv/trainir-h20-experiments/20260927-v1/runs/qwen3_14b_4k/galvatron/full/01,completed,,1084.5168624296784,705.3023818396032,1789.8192442692816,1796.0248638195917,Linux process start ticks to pre-training boundary,6.205619550310075,,static,4096,4096
