case,space,native_kv_heads,devastator_status,devastator_path,devastator_training_evidence,devastator_kv_heads,devastator_search_e2e_seconds,devastator_search_timing_method,devastator_search_cumulative_e2e_seconds,devastator_search_attempt_count,devastator_search_attempts_timing_complete,devastator_memory_profile_mode,devastator_memory_profile_min_sequence,devastator_memory_profile_max_sequence,devastator_mean_iteration_s,devastator_tokens_per_second,devastator_peak_allocated_bytes,devastator_peak_reserved_bytes,devastator_peak_nvml_mib,galvatron_status,galvatron_path,galvatron_training_evidence,galvatron_kv_heads,galvatron_search_e2e_seconds,galvatron_search_timing_method,galvatron_search_cumulative_e2e_seconds,galvatron_search_attempt_count,galvatron_search_attempts_timing_complete,galvatron_memory_profile_mode,galvatron_memory_profile_min_sequence,galvatron_memory_profile_max_sequence,galvatron_mean_iteration_s,galvatron_tokens_per_second,galvatron_peak_allocated_bytes,galvatron_peak_reserved_bytes,galvatron_peak_nvml_mib,both_training_completed,same_kv_heads,devastator_training_speedup_vs_galvatron,galvatron_over_devastator_search_time,galvatron_over_devastator_cumulative_search_time,comparison_note
llama7b_2k,common,32,completed,/opt/hbv/trainir-h20-experiments/20260927-v1/runs/llama7b_2k/devastator/common/01,/opt/hbv/trainir-h20-experiments/20260927-v1/runs/llama7b_2k/devastator/common/01/training_retries/02,32,45.57224202156067,Reconstructed from original driver stdout log birth to selected-training stdout log birth,45.57224202156067,1,True,,,,23.608513016998767,22207.58247766382,78159108608,85410709504,84703.0,completed,/opt/hbv/trainir-h20-experiments/20260927-v1/runs/llama7b_2k/galvatron/common/01,/opt/hbv/trainir-h20-experiments/20260927-v1/runs/llama7b_2k/galvatron/common/01/training_retries/02,32,679.4876208305359,Reconstructed from original driver stdout log birth to selected-training stdout log birth,679.4876208305359,1,True,static,2048,2048,26.516551399044694,19772.103548083873,67465393664,98807316480,94055.0,True,True,1.1231775326108875,14.910120518298479,14.910120518298479,Common-space fixed native KV and equal candidate set; consult completion audit.
llama7b_2k,full,32,completed,/opt/hbv/trainir-h20-experiments/20260927-v1/runs/llama7b_2k/devastator/full/01,/opt/hbv/trainir-h20-experiments/20260927-v1/runs/llama7b_2k/devastator/full/01,8,195.8269351311028,Linux process start ticks to pre-training boundary,195.8269351311028,1,True,,,,20.2227707343176,25925.626457817412,77637024768,84760592384,84035.0,completed,/opt/hbv/trainir-h20-experiments/20260927-v1/runs/llama7b_2k/galvatron/full/01,/opt/hbv/trainir-h20-experiments/20260927-v1/runs/llama7b_2k/galvatron/full/01,32,1376.7221306432039,Linux process start ticks to pre-training boundary,1376.7221306432039,1,True,static,2048,2048,25.05044274982065,20929.290760888995,71324798976,86786441216,85819.0,True,False,1.2387245585151494,7.0303001460014265,7.0303001460014265,Full-space KV changes alter model structure; throughput does not establish equal model quality.
llama2_7b_4k,common,32,completed,/opt/hbv/trainir-h20-experiments/20260927-v1/runs/llama2_7b_4k/devastator/common/01,/opt/hbv/trainir-h20-experiments/20260927-v1/runs/llama2_7b_4k/devastator/common/01,32,52.8802809715271,Reconstructed from original driver stdout log birth to selected-training stdout log birth,52.8802809715271,1,True,,,,48.513318193145096,21614.18841369138,78160157184,85387640832,84683.0,completed,/opt/hbv/trainir-h20-experiments/20260927-v1/runs/llama2_7b_4k/galvatron/common/01,/opt/hbv/trainir-h20-experiments/20260927-v1/runs/llama2_7b_4k/galvatron/common/01,32,749.9199869632721,Reconstructed from original driver stdout log birth to selected-training stdout log birth,749.9199869632721,1,True,static,4096,4096,55.7239267680794,18817.338633799598,67514799616,95418318848,93889.0,True,True,1.148631527248391,14.181467518432052,14.181467518432052,Common-space fixed native KV and equal candidate set; consult completion audit.
llama2_7b_4k,full,32,completed,/opt/hbv/trainir-h20-experiments/20260927-v1/runs/llama2_7b_4k/devastator/full/01,/opt/hbv/trainir-h20-experiments/20260927-v1/runs/llama2_7b_4k/devastator/full/01,8,257.1685906276107,Linux process start ticks to pre-training boundary,257.1685906276107,1,True,,,,42.30490772780031,24786.15499522617,77654854656,84758495232,84033.0,completed,/opt/hbv/trainir-h20-experiments/20260927-v1/runs/llama2_7b_4k/galvatron/full/01,/opt/hbv/trainir-h20-experiments/20260927-v1/runs/llama2_7b_4k/galvatron/full/01,32,1426.4308670731261,Linux process start ticks to pre-training boundary,1426.4308670731261,1,True,static,4096,4096,53.062438604421914,19761.172452270555,71404232704,86843064320,85873.0,True,False,1.2542856480349296,5.546676067990935,5.546676067990935,Full-space KV changes alter model structure; throughput does not establish equal model quality.
llama2_13b_4k,common,40,completed,/opt/hbv/trainir-h20-experiments/20260927-v1/runs/llama2_13b_4k/devastator/common/01,/opt/hbv/trainir-h20-experiments/20260927-v1/runs/llama2_13b_4k/devastator/common/01,40,38.9184161843732,Linux process start ticks to pre-training boundary,38.9184161843732,1,True,,,,190.1465870708227,11029.133008939503,58884580864,63612911616,63885.0,completed,/opt/hbv/trainir-h20-experiments/20260927-v1/runs/llama2_13b_4k/galvatron/common/01,/opt/hbv/trainir-h20-experiments/20260927-v1/runs/llama2_13b_4k/galvatron/common/01,40,766.2029605871066,Linux process start ticks to pre-training boundary,766.2029605871066,1,True,static,4096,4096,204.2979553198442,10265.163920592093,65341545984,98954117120,92495.0,True,True,1.0744234670052248,19.687413715842784,19.687413715842784,Common-space fixed native KV and equal candidate set; consult completion audit.
llama2_13b_4k,full,40,completed,/opt/hbv/trainir-h20-experiments/20260927-v1/runs/llama2_13b_4k/devastator/full/01,/opt/hbv/trainir-h20-experiments/20260927-v1/runs/llama2_13b_4k/devastator/full/01,8,236.74187028594315,Linux process start ticks to pre-training boundary,236.74187028594315,1,True,,,,160.5693128177896,13060.727253530693,81938641920,97299464192,96777.0,completed,/opt/hbv/trainir-h20-experiments/20260927-v1/runs/llama2_13b_4k/galvatron/full/01,/opt/hbv/trainir-h20-experiments/20260927-v1/runs/llama2_13b_4k/galvatron/full/01,40,1673.4371223887429,Linux process start ticks to pre-training boundary,1673.4371223887429,1,True,static,4096,4096,205.02307811081408,10228.858230615864,77222494720,97565802496,97085.0,True,False,1.276850940649348,7.068614944908228,7.068614944908228,Full-space KV changes alter model structure; throughput does not establish equal model quality.
llama3_8b_8k,common,8,completed,/opt/hbv/trainir-h20-experiments/20260927-v1/runs/llama3_8b_8k/devastator/common/01,/opt/hbv/trainir-h20-experiments/20260927-v1/runs/llama3_8b_8k/devastator/common/01,8,83.00354084931314,Linux process start ticks to pre-training boundary,83.00354084931314,1,True,,,,35.42236792370677,14801.043259705826,77981964800,82575360000,82053.0,completed,/opt/hbv/trainir-h20-experiments/20260927-v1/runs/llama3_8b_8k/galvatron/common/01,/opt/hbv/trainir-h20-experiments/20260927-v1/runs/llama3_8b_8k/galvatron/common/01,8,1185.76408633776,Linux process start ticks to pre-training boundary,1185.76408633776,1,True,static,8192,8192,33.65453603155911,15578.52408092495,57321347072,80348184576,79473.0,True,True,0.9500927804726311,14.285704853127026,14.285704853127026,Common-space fixed native KV and equal candidate set; consult completion audit.
llama3_8b_8k,full,8,completed,/opt/hbv/trainir-h20-experiments/20260927-v1/runs/llama3_8b_8k/devastator/full/01,/opt/hbv/trainir-h20-experiments/20260927-v1/runs/llama3_8b_8k/devastator/full/01,8,309.5076353829354,Linux process start ticks to pre-training boundary,309.5076353829354,1,True,,,,29.055233063548805,18044.52915085182,78172975104,91211431936,90969.0,completed,/opt/hbv/trainir-h20-experiments/20260927-v1/runs/llama3_8b_8k/galvatron/full/01,/opt/hbv/trainir-h20-experiments/20260927-v1/runs/llama3_8b_8k/galvatron/full/01,8,1706.5256958268583,Linux process start ticks to pre-training boundary,1706.5256958268583,1,True,static,8192,8192,32.88683075197041,15942.18682712646,67053840384,89674219520,88413.0,True,True,1.1318728946362686,5.513678826422086,5.513678826422086,Full-space KV changes alter model structure; throughput does not establish equal model quality.
qwen2_1p5b_32k,common,2,completed,/opt/hbv/trainir-h20-experiments/20260927-v1/runs/qwen2_1p5b_32k/devastator/common/01,/opt/hbv/trainir-h20-experiments/20260927-v1/runs/qwen2_1p5b_32k/devastator/common/01,2,54.83477233257145,Linux process start ticks to pre-training boundary,54.83477233257145,1,True,,,,84.89693208429962,24702.329619138687,78764439040,80857792512,80959.0,completed,/opt/hbv/trainir-h20-experiments/20260927-v1/runs/qwen2_1p5b_32k/galvatron/common/02,/opt/hbv/trainir-h20-experiments/20260927-v1/runs/qwen2_1p5b_32k/galvatron/common/02,2,710.173124675639,Linux process start ticks to pre-training boundary,2404.2186580197886,2,True,sequence,1024,4096,56.462342873960736,37142.4899013031,53314600960,62964891648,63775.0,True,True,0.6650692962367079,12.951145677572212,43.84478234792817,Common-space fixed native KV and equal candidate set; consult completion audit.
qwen2_1p5b_32k,full,2,completed,/opt/hbv/trainir-h20-experiments/20260927-v1/runs/qwen2_1p5b_32k/devastator/full/01,/opt/hbv/trainir-h20-experiments/20260927-v1/runs/qwen2_1p5b_32k/devastator/full/01,2,341.72529695089906,Linux process start ticks to pre-training boundary,341.72529695089906,1,True,,,,65.42786423824728,32052.88793110358,77111371776,86610280448,86781.0,completed,/opt/hbv/trainir-h20-experiments/20260927-v1/runs/qwen2_1p5b_32k/galvatron/full/01,/opt/hbv/trainir-h20-experiments/20260927-v1/runs/qwen2_1p5b_32k/galvatron/full/01,2,833.8990761237219,Linux process start ticks to pre-training boundary,833.8990761237219,1,True,sequence,1024,4096,57.34203636310995,36572.68093375854,79485556224,90989133824,96016.0,True,True,0.8764161421241902,2.440261471902506,2.440261471902506,Full-space KV changes alter model structure; throughput does not establish equal model quality.
qwen2_7b_32k,common,4,no_feasible_candidate,/opt/hbv/trainir-h20-experiments/20260927-v1/runs/qwen2_7b_32k/devastator/common/01,,,18.758099137805402,Linux process start ticks to pre-training boundary,18.758099137805402,1,True,,,,,,,,,completed,/opt/hbv/trainir-h20-experiments/20260927-v1/runs/qwen2_7b_32k/galvatron/common/02,/opt/hbv/trainir-h20-experiments/20260927-v1/runs/qwen2_7b_32k/galvatron/common/02,4,744.8208749471232,Linux process start ticks to pre-training boundary,1136.9208389567211,2,True,sequence,1024,4096,169.360142641142,12382.795428105332,61015549952,71431094272,70801.0,False,,,,,Common-space fixed native KV and equal candidate set; consult completion audit.
qwen2_7b_32k,full,4,completed,/opt/hbv/trainir-h20-experiments/20260927-v1/runs/qwen2_7b_32k/devastator/full/01,/opt/hbv/trainir-h20-experiments/20260927-v1/runs/qwen2_7b_32k/devastator/full/01,4,260.46533209085464,Linux process start ticks to pre-training boundary,260.46533209085464,1,True,,,,199.63755498286338,10504.797056746245,59053115392,66880274432,70614.0,completed,/opt/hbv/trainir-h20-experiments/20260927-v1/runs/qwen2_7b_32k/galvatron/full/01,/opt/hbv/trainir-h20-experiments/20260927-v1/runs/qwen2_7b_32k/galvatron/full/01,4,963.9062643488869,Linux process start ticks to pre-training boundary,963.9062643488869,1,True,sequence,1024,4096,173.82577414754778,12064.678039172048,78850652672,91236597760,97038.0,True,True,0.8707067874201763,3.700708484354687,3.700708484354687,Full-space KV changes alter model structure; throughput does not establish equal model quality.
qwen25_14b_8k,common,8,completed,/opt/hbv/trainir-h20-experiments/20260927-v1/runs/qwen25_14b_8k/devastator/common/01,/opt/hbv/trainir-h20-experiments/20260927-v1/runs/qwen25_14b_8k/devastator/common/01,8,48.136443491093814,Linux process start ticks to pre-training boundary,48.136443491093814,1,True,,,,64.02785577718168,8188.4360117342285,66409892352,72326578176,72285.0,completed,/opt/hbv/trainir-h20-experiments/20260927-v1/runs/qwen25_14b_8k/galvatron/common/01,/opt/hbv/trainir-h20-experiments/20260927-v1/runs/qwen25_14b_8k/galvatron/common/01,8,658.2399212643504,Linux process start ticks to pre-training boundary,658.2399212643504,1,True,sequence,1024,4096,62.3346570532769,8410.858818905437,44353128960,67232595968,66797.0,True,True,0.9735552799113381,13.674461042933878,13.674461042933878,Common-space fixed native KV and equal candidate set; consult completion audit.
qwen25_14b_8k,full,8,completed,/opt/hbv/trainir-h20-experiments/20260927-v1/runs/qwen25_14b_8k/devastator/full/01,/opt/hbv/trainir-h20-experiments/20260927-v1/runs/qwen25_14b_8k/devastator/full/01,8,185.20786019507796,Linux process start ticks to pre-training boundary,185.20786019507796,1,True,,,,69.83826893605291,7507.173473616047,76769261056,97448361984,97303.0,completed,/opt/hbv/trainir-h20-experiments/20260927-v1/runs/qwen25_14b_8k/galvatron/full/01,/opt/hbv/trainir-h20-experiments/20260927-v1/runs/qwen25_14b_8k/galvatron/full/01,8,1357.3151785824448,Linux process start ticks to pre-training boundary,1357.3151785824448,1,True,sequence,1024,4096,67.59095558952541,7756.777447917146,67989186560,99084140544,97337.0,True,True,0.9678211762581738,7.3286046129618665,7.3286046129618665,Full-space KV changes alter model structure; throughput does not establish equal model quality.
qwen3_14b_4k,common,8,completed,/opt/hbv/trainir-h20-experiments/20260927-v1/runs/qwen3_14b_4k/devastator/common/01,/opt/hbv/trainir-h20-experiments/20260927-v1/runs/qwen3_14b_4k/devastator/common/01,8,50.40718906279653,Linux process start ticks to pre-training boundary,50.40718906279653,1,True,,,,67.26955186836422,7793.838154681749,74053825024,80677437440,80147.0,completed,/opt/hbv/trainir-h20-experiments/20260927-v1/runs/qwen3_14b_4k/galvatron/common/01,/opt/hbv/trainir-h20-experiments/20260927-v1/runs/qwen3_14b_4k/galvatron/common/01,8,1091.1205072142184,Linux process start ticks to pre-training boundary,1091.1205072142184,1,True,static,4096,4096,58.16075293458998,9014.463767166773,74182896128,99088334848,97339.0,True,True,0.8645925432713049,21.64612880624858,21.64612880624858,Common-space fixed native KV and equal candidate set; consult completion audit.
qwen3_14b_4k,full,8,failed,/opt/hbv/trainir-h20-experiments/20260927-v1/runs/qwen3_14b_4k/devastator/full/01,,8,204.71868251357228,Linux process start ticks to pre-training boundary,204.71868251357228,1,True,,,,,,,,,completed,/opt/hbv/trainir-h20-experiments/20260927-v1/runs/qwen3_14b_4k/galvatron/full/01,/opt/hbv/trainir-h20-experiments/20260927-v1/runs/qwen3_14b_4k/galvatron/full/01,8,1796.0248638195917,Linux process start ticks to pre-training boundary,1796.0248638195917,1,True,static,4096,4096,55.10340958554298,9514.619947175703,70091059712,98207531008,97303.0,False,True,,,,Full-space KV changes alter model structure; throughput does not establish equal model quality.
