case,system,space,gbs,seq,dtype,path,status,profile_seconds,search_stage_seconds,measured_stage_sum_s,search_e2e_seconds,search_timing_method,search_preparation_and_other_s,dp,pp,cp,up,tp,sp,ep,mbs,chunks,kv_heads,selected_strategy,predicted_cost_native_units,iterations,independent_runs,mean_iteration_s,samples_per_second,tokens_per_second,peak_allocated_bytes,peak_reserved_bytes,timing_scope,training_evidence,prior_attempt_error,peak_nvml_mib,allocated_within_85gib,search_attempt_count,search_attempts_recorded_seconds,search_attempts_timing_complete,search_cumulative_e2e_seconds,memory_profile_mode,memory_profile_min_sequence,memory_profile_max_sequence,error,failure_classification,failure_phase,failure_evidence,oom_device,oom_requested_allocation_gib,oom_device_total_capacity_gib,oom_device_free_gib,oom_process_memory_including_non_pytorch_gib,oom_pytorch_allocated_gib,oom_pytorch_reserved_but_unallocated_gib,oom_attribution,allocator_resolution_verified,allocator_resolution_setting,allocator_diagnostic_evidence,oom_attribution_note
llama7b_2k,devastator,common,256,2048,fp16,/opt/hbv/trainir-h20-experiments/20260927-v1/runs/llama7b_2k/devastator/common/01,completed,0,45.5382861699909,45.5382861699909,45.57224202156067,Reconstructed from original driver stdout log birth to selected-training stdout log birth,0.03395585156977177,4,2,1,1,1,1,1,2,32,32,"{""DistributedOptimizer"": false, ""Hybrid_MHA_MQA"": [false, 32], ""ReCompute"": [null, null], ""VirtualPipe"": null}",108018196.82868952,10,1,23.608513016998767,10.843546131671786,22207.58247766382,78159108608,85410709504,"CUDA-synchronized native whole step including batch preparation, forward, backward, optimizer and zero_grad; max over ranks; excludes parameter evidence sampling and post-step logging/barrier.",/opt/hbv/trainir-h20-experiments/20260927-v1/runs/llama7b_2k/devastator/common/01/training_retries/02,RuntimeError('Stage selected_training failed: /opt/hbv/trainir-h20-experiments/20260927-v1/runs/llama7b_2k/devastator/common/01/stages/selected_training.log'),84703.0,True,1,45.57224202156067,True,45.57224202156067,,,,,,,,,,,,,,,,,,,
llama7b_2k,devastator,full,256,2048,fp16,/opt/hbv/trainir-h20-experiments/20260927-v1/runs/llama7b_2k/devastator/full/01,completed,0,195.74894682876766,195.74894682876766,195.8269351311028,Linux process start ticks to pre-training boundary,0.07798830233514309,8,1,1,1,1,1,1,4,8,8,"{""DistributedOptimizer"": true, ""Hybrid_MHA_MQA"": [true, 8], ""ReCompute"": [null, null], ""VirtualPipe"": null}",90435667.64831543,10,1,20.2227707343176,12.658997293856158,25925.626457817412,77637024768,84760592384,"CUDA-synchronized native whole step including batch preparation, forward, backward, optimizer and zero_grad; max over ranks; excludes parameter evidence sampling and post-step logging/barrier.",/opt/hbv/trainir-h20-experiments/20260927-v1/runs/llama7b_2k/devastator/full/01,,84035.0,True,1,195.8269351311028,True,195.8269351311028,,,,,,,,,,,,,,,,,,,
llama7b_2k,galvatron,common,256,2048,fp16,/opt/hbv/trainir-h20-experiments/20260927-v1/runs/llama7b_2k/galvatron/common/01,completed,668.8334797881544,4.5337232276797295,673.3672030158341,679.4876208305359,Reconstructed from original driver stdout log birth to selected-training stdout log birth,6.120417814701796,4,2,1,1,1,1,1,1,64,32,"{""checkpoint"": ""0,0,0,0,0,0,0,0,0,0,0,0,0,0,0,0,0,0,0,0,0,0,0,0,0,0,0,0,0,0,0,0"", ""chunks"": 64, ""default_dp_type"": ""ddp"", ""dp_types_enc"": ""0,0,0,0,0,0,0,0,0,0,0,0,0,0,0,0,0,0,0,0,0,0,0,0,0,0,0,0,0,0,0,0"", ""embed_sdp"": 0, ""global_bsz"": 256, ""pipeline_type"": ""pipedream_flush"", ""pp_deg"": 2, ""pp_division"": ""16,16"", ""tp_consecutive_flags"": ""1,1,1,1,1,1,1,1,1,1,1,1,1,1,1,1,1,1,1,1,1,1,1,1,1,1,1,1,1,1,1,1"", ""tp_sizes_enc"": ""1,1,1,1,1,1,1,1,1,1,1,1,1,1,1,1,1,1,1,1,1,1,1,1,1,1,1,1,1,1,1,1"", ""use_sp"": ""0,0,0,0,0,0,0,0,0,0,0,0,0,0,0,0,0,0,0,0,0,0,0,0,0,0,0,0,0,0,0,0"", ""vsp"": 0, ""vtp"": 1, ""world_size"": 8}",,10,1,26.516551399044694,9.654347435587828,19772.103548083873,67465393664,98807316480,"CUDA-synchronized native whole step including batch preparation, forward, backward, optimizer and zero_grad; max over ranks; excludes parameter evidence sampling and post-step logging/barrier.",/opt/hbv/trainir-h20-experiments/20260927-v1/runs/llama7b_2k/galvatron/common/01/training_retries/02,RuntimeError('Stage selected_training failed: /opt/hbv/trainir-h20-experiments/20260927-v1/runs/llama7b_2k/galvatron/common/01/stages/selected_training.log'),94055.0,True,1,679.4876208305359,True,679.4876208305359,static,2048,2048,,,,,,,,,,,,,,,,
llama7b_2k,galvatron,full,256,2048,fp16,/opt/hbv/trainir-h20-experiments/20260927-v1/runs/llama7b_2k/galvatron/full/01,completed,684.2683011712506,686.1726822312921,1370.4409834025428,1376.7221306432039,Linux process start ticks to pre-training boundary,6.281147240661085,,1,,,,,,,8,32,"{""checkpoint"": ""0,0,0,0,0,0,0,0,0,0,0,0,0,0,0,0,0,0,0,0,0,0,0,0,0,0,0,0,0,0,0,0"", ""chunks"": 8, ""default_dp_type"": ""ddp"", ""dp_types_enc"": ""1,1,1,1,1,1,1,1,1,1,1,1,1,1,1,1,1,1,1,1,1,1,1,1,1,1,1,1,1,1,1,0"", ""embed_sdp"": 1, ""global_bsz"": 256, ""pipeline_type"": ""pipedream_flush"", ""pp_deg"": 1, ""pp_division"": ""32"", ""tp_consecutive_flags"": ""1,1,1,1,1,1,1,1,1,1,1,1,1,1,1,1,1,1,1,1,1,1,1,1,1,1,1,1,1,1,1,1"", ""tp_sizes_enc"": ""1,1,1,1,1,1,1,1,1,1,1,1,1,1,1,1,1,1,1,1,1,1,1,1,1,1,1,1,1,1,1,1"", ""use_sp"": ""0,0,0,0,0,0,0,0,0,0,0,0,0,0,0,0,0,0,0,0,0,0,0,0,0,0,0,0,0,0,0,0"", ""vsp"": 0, ""vtp"": 1, ""world_size"": 8}",,10,1,25.05044274982065,10.21938025434033,20929.290760888995,71324798976,86786441216,"CUDA-synchronized native whole step including batch preparation, forward, backward, optimizer and zero_grad; max over ranks; excludes parameter evidence sampling and post-step logging/barrier.",/opt/hbv/trainir-h20-experiments/20260927-v1/runs/llama7b_2k/galvatron/full/01,,85819.0,True,1,1376.7221306432039,True,1376.7221306432039,static,2048,2048,,,,,,,,,,,,,,,,
llama2_7b_4k,devastator,common,256,4096,fp16,/opt/hbv/trainir-h20-experiments/20260927-v1/runs/llama2_7b_4k/devastator/common/01,completed,0,52.839448273181915,52.839448273181915,52.8802809715271,Reconstructed from original driver stdout log birth to selected-training stdout log birth,0.040832698345184326,4,2,1,1,1,1,1,1,64,32,"{""DistributedOptimizer"": false, ""Hybrid_MHA_MQA"": [false, 32], ""ReCompute"": [null, null], ""VirtualPipe"": null}",215966022.63992304,10,1,48.513318193145096,5.276901468186372,21614.18841369138,78160157184,85387640832,"CUDA-synchronized native whole step including batch preparation, forward, backward, optimizer and zero_grad; max over ranks; excludes parameter evidence sampling and post-step logging/barrier.",/opt/hbv/trainir-h20-experiments/20260927-v1/runs/llama2_7b_4k/devastator/common/01,,84683.0,True,1,52.8802809715271,True,52.8802809715271,,,,,,,,,,,,,,,,,,,
llama2_7b_4k,devastator,full,256,4096,fp16,/opt/hbv/trainir-h20-experiments/20260927-v1/runs/llama2_7b_4k/devastator/full/01,completed,0,257.08984501007944,257.08984501007944,257.1685906276107,Linux process start ticks to pre-training boundary,0.07874561753123999,8,1,1,1,1,1,1,2,16,8,"{""DistributedOptimizer"": true, ""Hybrid_MHA_MQA"": [true, 8], ""ReCompute"": [null, null], ""VirtualPipe"": null}",183648311.2335205,10,1,42.30490772780031,6.051307371881389,24786.15499522617,77654854656,84758495232,"CUDA-synchronized native whole step including batch preparation, forward, backward, optimizer and zero_grad; max over ranks; excludes parameter evidence sampling and post-step logging/barrier.",/opt/hbv/trainir-h20-experiments/20260927-v1/runs/llama2_7b_4k/devastator/full/01,,84033.0,True,1,257.1685906276107,True,257.1685906276107,,,,,,,,,,,,,,,,,,,
llama2_7b_4k,galvatron,common,256,4096,fp16,/opt/hbv/trainir-h20-experiments/20260927-v1/runs/llama2_7b_4k/galvatron/common/01,completed,741.6460334742442,4.456273505464196,746.1023069797084,749.9199869632721,Reconstructed from original driver stdout log birth to selected-training stdout log birth,3.817679983563721,4,1,1,1,2,2,1,1,64,32,"{""checkpoint"": ""0,0,0,0,0,0,0,0,0,0,0,0,0,0,0,0,0,0,0,0,0,0,0,0,0,0,0,0,0,0,0,0"", ""chunks"": 64, ""default_dp_type"": ""ddp"", ""dp_types_enc"": ""0,0,0,0,0,0,0,0,0,0,0,0,0,0,0,0,0,0,0,0,0,0,0,0,0,0,0,0,0,0,0,0"", ""embed_sdp"": 0, ""global_bsz"": 256, ""pipeline_type"": ""pipedream_flush"", ""pp_deg"": 1, ""pp_division"": ""32"", ""tp_consecutive_flags"": ""1,1,1,1,1,1,1,1,1,1,1,1,1,1,1,1,1,1,1,1,1,1,1,1,1,1,1,1,1,1,1,1"", ""tp_sizes_enc"": ""2,2,2,2,2,2,2,2,2,2,2,2,2,2,2,2,2,2,2,2,2,2,2,2,2,2,2,2,2,2,2,2"", ""use_sp"": ""0,0,0,0,0,0,0,0,0,0,0,0,0,0,0,0,0,0,0,0,0,0,0,0,0,0,0,0,0,0,0,0"", ""vsp"": 0, ""vtp"": 2, ""world_size"": 8}",,10,1,55.7239267680794,4.59407681489248,18817.338633799598,67514799616,95418318848,"CUDA-synchronized native whole step including batch preparation, forward, backward, optimizer and zero_grad; max over ranks; excludes parameter evidence sampling and post-step logging/barrier.",/opt/hbv/trainir-h20-experiments/20260927-v1/runs/llama2_7b_4k/galvatron/common/01,,93889.0,True,1,749.9199869632721,True,749.9199869632721,static,4096,4096,,,,,,,,,,,,,,,,
llama2_7b_4k,galvatron,full,256,4096,fp16,/opt/hbv/trainir-h20-experiments/20260927-v1/runs/llama2_7b_4k/galvatron/full/01,completed,751.5023065684363,668.6558012878522,1420.1581078562886,1426.4308670731261,Linux process start ticks to pre-training boundary,6.272759216837585,,1,,,,,,,16,32,"{""checkpoint"": ""0,0,0,0,0,0,0,0,0,0,0,0,0,0,0,0,0,0,0,0,0,0,0,0,0,0,0,0,0,0,0,0"", ""chunks"": 16, ""default_dp_type"": ""ddp"", ""dp_types_enc"": ""1,1,1,1,1,1,1,1,1,1,1,1,1,1,1,1,1,1,1,1,1,1,1,1,1,1,1,1,1,1,1,0"", ""embed_sdp"": 1, ""global_bsz"": 256, ""pipeline_type"": ""pipedream_flush"", ""pp_deg"": 1, ""pp_division"": ""32"", ""tp_consecutive_flags"": ""1,1,1,1,1,1,1,1,1,1,1,1,1,1,1,1,1,1,1,1,1,1,1,1,1,1,1,1,1,1,1,1"", ""tp_sizes_enc"": ""1,1,1,1,1,1,1,1,1,1,1,1,1,1,1,1,1,1,1,1,1,1,1,1,1,1,1,1,1,1,1,1"", ""use_sp"": ""0,0,0,0,0,0,0,0,0,0,0,0,0,0,0,0,0,0,0,0,0,0,0,0,0,0,0,0,0,0,0,0"", ""vsp"": 0, ""vtp"": 1, ""world_size"": 8}",,10,1,53.062438604421914,4.824504993230116,19761.172452270555,71404232704,86843064320,"CUDA-synchronized native whole step including batch preparation, forward, backward, optimizer and zero_grad; max over ranks; excludes parameter evidence sampling and post-step logging/barrier.",/opt/hbv/trainir-h20-experiments/20260927-v1/runs/llama2_7b_4k/galvatron/full/01,,85873.0,True,1,1426.4308670731261,True,1426.4308670731261,static,4096,4096,,,,,,,,,,,,,,,,
llama2_13b_4k,devastator,common,512,4096,fp16,/opt/hbv/trainir-h20-experiments/20260927-v1/runs/llama2_13b_4k/devastator/common/01,completed,0,38.86928366497159,38.86928366497159,38.9184161843732,Linux process start ticks to pre-training boundary,0.0491325194016099,1,8,1,1,1,1,1,1,512,40,"{""DistributedOptimizer"": false, ""Hybrid_MHA_MQA"": [false, 40], ""ReCompute"": [null, null], ""VirtualPipe"": null}",789022490.0498593,10,1,190.1465870708227,2.692659426010621,11029.133008939503,58884580864,63612911616,"CUDA-synchronized native whole step including batch preparation, forward, backward, optimizer and zero_grad; max over ranks; excludes parameter evidence sampling and post-step logging/barrier.",/opt/hbv/trainir-h20-experiments/20260927-v1/runs/llama2_13b_4k/devastator/common/01,,63885.0,True,1,38.9184161843732,True,38.9184161843732,,,,,,,,,,,,,,,,,,,
llama2_13b_4k,devastator,full,512,4096,fp16,/opt/hbv/trainir-h20-experiments/20260927-v1/runs/llama2_13b_4k/devastator/full/01,completed,0,236.6535640442744,236.6535640442744,236.74187028594315,Linux process start ticks to pre-training boundary,0.08830624166876078,4,2,1,1,1,1,1,1,128,8,"{""DistributedOptimizer"": true, ""Hybrid_MHA_MQA"": [true, 8], ""ReCompute"": [null, null], ""VirtualPipe"": 10}",652386253.9069523,10,1,160.5693128177896,3.188654114631517,13060.727253530693,81938641920,97299464192,"CUDA-synchronized native whole step including batch preparation, forward, backward, optimizer and zero_grad; max over ranks; excludes parameter evidence sampling and post-step logging/barrier.",/opt/hbv/trainir-h20-experiments/20260927-v1/runs/llama2_13b_4k/devastator/full/01,,96777.0,True,1,236.74187028594315,True,236.74187028594315,,,,,,,,,,,,,,,,,,,
llama2_13b_4k,galvatron,common,512,4096,fp16,/opt/hbv/trainir-h20-experiments/20260927-v1/runs/llama2_13b_4k/galvatron/common/01,completed,755.0972808757797,5.083163290284574,760.1804441660643,766.2029605871066,Linux process start ticks to pre-training boundary,6.022516421042383,2,2,1,1,2,2,1,1,256,40,"{""checkpoint"": ""0,0,0,0,0,0,0,0,0,0,0,0,0,0,0,0,0,0,0,0,0,0,0,0,0,0,0,0,0,0,0,0,0,0,0,0,0,0,0,0"", ""chunks"": 256, ""default_dp_type"": ""ddp"", ""dp_types_enc"": ""0,0,0,0,0,0,0,0,0,0,0,0,0,0,0,0,0,0,0,0,0,0,0,0,0,0,0,0,0,0,0,0,0,0,0,0,0,0,0,0"", ""embed_sdp"": 0, ""global_bsz"": 512, ""pipeline_type"": ""pipedream_flush"", ""pp_deg"": 2, ""pp_division"": ""20,20"", ""tp_consecutive_flags"": ""1,1,1,1,1,1,1,1,1,1,1,1,1,1,1,1,1,1,1,1,1,1,1,1,1,1,1,1,1,1,1,1,1,1,1,1,1,1,1,1"", ""tp_sizes_enc"": ""2,2,2,2,2,2,2,2,2,2,2,2,2,2,2,2,2,2,2,2,2,2,2,2,2,2,2,2,2,2,2,2,2,2,2,2,2,2,2,2"", ""use_sp"": ""0,0,0,0,0,0,0,0,0,0,0,0,0,0,0,0,0,0,0,0,0,0,0,0,0,0,0,0,0,0,0,0,0,0,0,0,0,0,0,0"", ""vsp"": 0, ""vtp"": 2, ""world_size"": 8}",,10,1,204.2979553198442,2.506143535300804,10265.163920592093,65341545984,98954117120,"CUDA-synchronized native whole step including batch preparation, forward, backward, optimizer and zero_grad; max over ranks; excludes parameter evidence sampling and post-step logging/barrier.",/opt/hbv/trainir-h20-experiments/20260927-v1/runs/llama2_13b_4k/galvatron/common/01,,92495.0,True,1,766.2029605871066,True,766.2029605871066,static,4096,4096,,,,,,,,,,,,,,,,
llama2_13b_4k,galvatron,full,512,4096,fp16,/opt/hbv/trainir-h20-experiments/20260927-v1/runs/llama2_13b_4k/galvatron/full/01,completed,773.2345763510093,893.8965879688039,1667.1311643198133,1673.4371223887429,Linux process start ticks to pre-training boundary,6.305958068929613,,2,,,,,,,256,40,"{""checkpoint"": ""0,0,0,0,0,0,0,0,0,0,0,0,0,0,0,0,0,0,0,0,0,0,0,0,0,0,0,0,0,0,0,0,0,0,0,0,0,0,0,0"", ""chunks"": 256, ""default_dp_type"": ""ddp"", ""dp_types_enc"": ""0,0,0,0,0,0,0,0,0,0,0,0,0,0,0,0,0,0,0,0,0,0,0,0,0,0,0,0,0,0,0,0,0,0,0,0,0,0,0,0"", ""embed_sdp"": 1, ""global_bsz"": 512, ""pipeline_type"": ""pipedream_flush"", ""pp_deg"": 2, ""pp_division"": ""20,20"", ""tp_consecutive_flags"": ""1,1,1,1,1,1,1,1,1,1,1,1,1,1,1,1,1,1,1,1,1,1,1,1,1,1,1,1,1,1,1,1,1,1,1,1,1,1,1,1"", ""tp_sizes_enc"": ""2,2,2,2,2,2,2,2,2,2,2,2,2,2,2,2,2,2,2,2,2,2,2,2,2,2,2,2,2,2,2,2,2,2,2,2,2,2,2,2"", ""use_sp"": ""1,0,0,0,0,0,0,0,0,0,0,0,0,0,0,0,0,0,0,0,1,1,1,1,0,0,0,0,0,0,0,0,0,0,0,0,0,0,0,0"", ""vsp"": 1, ""vtp"": 2, ""world_size"": 8}",,10,1,205.02307811081408,2.497279841458951,10228.858230615864,77222494720,97565802496,"CUDA-synchronized native whole step including batch preparation, forward, backward, optimizer and zero_grad; max over ranks; excludes parameter evidence sampling and post-step logging/barrier.",/opt/hbv/trainir-h20-experiments/20260927-v1/runs/llama2_13b_4k/galvatron/full/01,,97085.0,True,1,1673.4371223887429,True,1673.4371223887429,static,4096,4096,,,,,,,,,,,,,,,,
llama3_8b_8k,devastator,common,64,8192,bf16,/opt/hbv/trainir-h20-experiments/20260927-v1/runs/llama3_8b_8k/devastator/common/01,completed,0,82.95594047009945,82.95594047009945,83.00354084931314,Linux process start ticks to pre-training boundary,0.04760037921369076,2,4,1,1,1,1,1,1,32,8,"{""DistributedOptimizer"": false, ""Hybrid_MHA_MQA"": [true, 8], ""ReCompute"": [null, null], ""VirtualPipe"": null}",153894641.40847024,10,1,35.42236792370677,1.8067679760383089,14801.043259705826,77981964800,82575360000,"CUDA-synchronized native whole step including batch preparation, forward, backward, optimizer and zero_grad; max over ranks; excludes parameter evidence sampling and post-step logging/barrier.",/opt/hbv/trainir-h20-experiments/20260927-v1/runs/llama3_8b_8k/devastator/common/01,,82053.0,True,1,83.00354084931314,True,83.00354084931314,,,,,,,,,,,,,,,,,,,
llama3_8b_8k,devastator,full,64,8192,bf16,/opt/hbv/trainir-h20-experiments/20260927-v1/runs/llama3_8b_8k/devastator/full/01,completed,0,309.43231237027794,309.43231237027794,309.5076353829354,Linux process start ticks to pre-training boundary,0.07532301265746355,4,2,1,1,1,1,1,1,16,8,"{""DistributedOptimizer"": true, ""Hybrid_MHA_MQA"": [true, 8], ""ReCompute"": [null, null], ""VirtualPipe"": 4}",123942310.49854903,10,1,29.055233063548805,2.2027013123598413,18044.52915085182,78172975104,91211431936,"CUDA-synchronized native whole step including batch preparation, forward, backward, optimizer and zero_grad; max over ranks; excludes parameter evidence sampling and post-step logging/barrier.",/opt/hbv/trainir-h20-experiments/20260927-v1/runs/llama3_8b_8k/devastator/full/01,,90969.0,True,1,309.5076353829354,True,309.5076353829354,,,,,,,,,,,,,,,,,,,
llama3_8b_8k,galvatron,common,64,8192,bf16,/opt/hbv/trainir-h20-experiments/20260927-v1/runs/llama3_8b_8k/galvatron/common/01,completed,1175.2963497154415,4.439619643613696,1179.7359693590552,1185.76408633776,Linux process start ticks to pre-training boundary,6.028116978704929,2,1,1,1,4,4,1,2,16,8,"{""checkpoint"": ""0,0,0,0,0,0,0,0,0,0,0,0,0,0,0,0,0,0,0,0,0,0,0,0,0,0,0,0,0,0,0,0"", ""chunks"": 16, ""default_dp_type"": ""ddp"", ""dp_types_enc"": ""0,0,0,0,0,0,0,0,0,0,0,0,0,0,0,0,0,0,0,0,0,0,0,0,0,0,0,0,0,0,0,0"", ""embed_sdp"": 0, ""global_bsz"": 64, ""pipeline_type"": ""pipedream_flush"", ""pp_deg"": 1, ""pp_division"": ""32"", ""tp_consecutive_flags"": ""1,1,1,1,1,1,1,1,1,1,1,1,1,1,1,1,1,1,1,1,1,1,1,1,1,1,1,1,1,1,1,1"", ""tp_sizes_enc"": ""4,4,4,4,4,4,4,4,4,4,4,4,4,4,4,4,4,4,4,4,4,4,4,4,4,4,4,4,4,4,4,4"", ""use_sp"": ""0,0,0,0,0,0,0,0,0,0,0,0,0,0,0,0,0,0,0,0,0,0,0,0,0,0,0,0,0,0,0,0"", ""vsp"": 0, ""vtp"": 4, ""world_size"": 8}",,10,1,33.65453603155911,1.901675302847284,15578.52408092495,57321347072,80348184576,"CUDA-synchronized native whole step including batch preparation, forward, backward, optimizer and zero_grad; max over ranks; excludes parameter evidence sampling and post-step logging/barrier.",/opt/hbv/trainir-h20-experiments/20260927-v1/runs/llama3_8b_8k/galvatron/common/01,,79473.0,True,1,1185.76408633776,True,1185.76408633776,static,8192,8192,,,,,,,,,,,,,,,,
llama3_8b_8k,galvatron,full,64,8192,bf16,/opt/hbv/trainir-h20-experiments/20260927-v1/runs/llama3_8b_8k/galvatron/full/01,completed,1221.9211714919657,478.23455640953034,1700.155727901496,1706.5256958268583,Linux process start ticks to pre-training boundary,6.369967925362289,,1,,,,,,,16,8,"{""checkpoint"": ""0,0,0,0,0,0,0,0,0,0,0,0,0,0,0,0,0,0,0,0,0,0,0,0,0,0,0,0,0,0,0,0"", ""chunks"": 16, ""default_dp_type"": ""ddp"", ""dp_types_enc"": ""1,1,1,1,1,1,1,1,1,1,1,1,1,0,0,0,0,0,0,0,0,0,0,0,0,0,0,0,0,0,0,0"", ""embed_sdp"": 1, ""global_bsz"": 64, ""pipeline_type"": ""pipedream_flush"", ""pp_deg"": 1, ""pp_division"": ""32"", ""tp_consecutive_flags"": ""1,1,1,1,1,1,1,1,1,1,1,1,1,1,1,1,1,1,1,1,1,1,1,1,1,1,1,1,1,1,1,1"", ""tp_sizes_enc"": ""2,2,2,2,2,2,2,2,2,2,2,2,2,2,2,2,2,2,2,2,2,2,2,2,2,2,2,2,2,2,2,2"", ""use_sp"": ""0,0,0,0,0,0,0,0,0,0,0,0,0,0,0,0,0,0,0,0,0,0,0,0,0,0,0,0,0,0,0,0"", ""vsp"": 0, ""vtp"": 2, ""world_size"": 8}",,10,1,32.88683075197041,1.9460677279207104,15942.18682712646,67053840384,89674219520,"CUDA-synchronized native whole step including batch preparation, forward, backward, optimizer and zero_grad; max over ranks; excludes parameter evidence sampling and post-step logging/barrier.",/opt/hbv/trainir-h20-experiments/20260927-v1/runs/llama3_8b_8k/galvatron/full/01,,88413.0,True,1,1706.5256958268583,True,1706.5256958268583,static,8192,8192,,,,,,,,,,,,,,,,
qwen2_1p5b_32k,devastator,common,64,32768,bf16,/opt/hbv/trainir-h20-experiments/20260927-v1/runs/qwen2_1p5b_32k/devastator/common/01,completed,0,54.78614029660821,54.78614029660821,54.83477233257145,Linux process start ticks to pre-training boundary,0.048632035963237286,2,4,1,1,1,1,1,1,32,2,"{""DistributedOptimizer"": false, ""Hybrid_MHA_MQA"": [true, 2], ""ReCompute"": [null, null], ""VirtualPipe"": null}",342736719.39561486,10,1,84.89693208429962,0.7538552740215664,24702.329619138687,78764439040,80857792512,"CUDA-synchronized native whole step including batch preparation, forward, backward, optimizer and zero_grad; max over ranks; excludes parameter evidence sampling and post-step logging/barrier.",/opt/hbv/trainir-h20-experiments/20260927-v1/runs/qwen2_1p5b_32k/devastator/common/01,,80959.0,True,1,54.83477233257145,True,54.83477233257145,,,,,,,,,,,,,,,,,,,
qwen2_1p5b_32k,devastator,full,64,32768,bf16,/opt/hbv/trainir-h20-experiments/20260927-v1/runs/qwen2_1p5b_32k/devastator/full/01,completed,0,341.6511527802795,341.6511527802795,341.72529695089906,Linux process start ticks to pre-training boundary,0.07414417061954737,2,1,4,1,1,1,1,2,16,2,"{""DistributedOptimizer"": false, ""Hybrid_MHA_MQA"": [true, 2], ""ReCompute"": [null, null], ""VirtualPipe"": null}",172471331.44485423,10,1,65.42786423824728,0.9781765115693232,32052.88793110358,77111371776,86610280448,"CUDA-synchronized native whole step including batch preparation, forward, backward, optimizer and zero_grad; max over ranks; excludes parameter evidence sampling and post-step logging/barrier.",/opt/hbv/trainir-h20-experiments/20260927-v1/runs/qwen2_1p5b_32k/devastator/full/01,,86781.0,True,1,341.72529695089906,True,341.72529695089906,,,,,,,,,,,,,,,,,,,
qwen2_1p5b_32k,galvatron,common,64,32768,bf16,/opt/hbv/trainir-h20-experiments/20260927-v1/runs/qwen2_1p5b_32k/galvatron/common/02,completed,699.0518502295017,4.823729794472456,703.8755800239742,710.173124675639,Linux process start ticks to pre-training boundary,6.2975446516647935,2,2,1,1,2,2,1,1,32,2,"{""checkpoint"": ""0,0,0,0,0,0,0,0,0,0,0,0,0,0,0,0,0,0,0,0,0,0,0,0,0,0,0,0"", ""chunks"": 32, ""default_dp_type"": ""ddp"", ""dp_types_enc"": ""0,0,0,0,0,0,0,0,0,0,0,0,0,0,0,0,0,0,0,0,0,0,0,0,0,0,0,0"", ""embed_sdp"": 0, ""global_bsz"": 64, ""pipeline_type"": ""pipedream_flush"", ""pp_deg"": 2, ""pp_division"": ""14,14"", ""tp_consecutive_flags"": ""1,1,1,1,1,1,1,1,1,1,1,1,1,1,1,1,1,1,1,1,1,1,1,1,1,1,1,1"", ""tp_sizes_enc"": ""2,2,2,2,2,2,2,2,2,2,2,2,2,2,2,2,2,2,2,2,2,2,2,2,2,2,2,2"", ""use_sp"": ""0,0,0,0,0,0,0,0,0,0,0,0,0,0,0,0,0,0,0,0,0,0,0,0,0,0,0,0"", ""vsp"": 0, ""vtp"": 2, ""world_size"": 8}",,10,1,56.462342873960736,1.133498837320041,37142.4899013031,53314600960,62964891648,"CUDA-synchronized native whole step including batch preparation, forward, backward, optimizer and zero_grad; max over ranks; excludes parameter evidence sampling and post-step logging/barrier.",/opt/hbv/trainir-h20-experiments/20260927-v1/runs/qwen2_1p5b_32k/galvatron/common/02,,63775.0,True,2,2404.2186580197886,True,2404.2186580197886,sequence,1024,4096,,,,,,,,,,,,,,,,
qwen2_1p5b_32k,galvatron,full,64,32768,bf16,/opt/hbv/trainir-h20-experiments/20260927-v1/runs/qwen2_1p5b_32k/galvatron/full/01,completed,743.5160678112879,83.8999649817124,827.4160327930003,833.8990761237219,Linux process start ticks to pre-training boundary,6.483043330721557,,1,,,,,,,16,2,"{""checkpoint"": ""0,0,0,0,0,0,0,0,0,0,0,0,0,0,0,0,0,0,0,0,0,0,0,0,0,0,0,0"", ""chunks"": 16, ""default_dp_type"": ""ddp"", ""dp_types_enc"": ""1,1,1,1,1,1,1,1,1,1,1,1,1,1,1,1,1,1,1,0,1,0,0,0,0,0,0,0"", ""embed_sdp"": 1, ""global_bsz"": 64, ""pipeline_type"": ""pipedream_flush"", ""pp_deg"": 1, ""pp_division"": ""28"", ""tp_consecutive_flags"": ""1,1,1,1,1,1,1,1,1,1,1,1,1,1,1,1,1,1,1,1,1,1,1,1,1,1,1,1"", ""tp_sizes_enc"": ""2,2,2,2,2,2,2,2,2,2,2,2,2,2,2,2,2,2,2,2,2,2,2,2,2,2,2,2"", ""use_sp"": ""1,1,1,1,1,1,1,1,1,1,1,1,1,1,1,1,1,1,1,0,1,1,1,1,1,1,1,1"", ""vsp"": 1, ""vtp"": 2, ""world_size"": 8}",,10,1,57.34203636310995,1.116109647636674,36572.68093375854,79485556224,90989133824,"CUDA-synchronized native whole step including batch preparation, forward, backward, optimizer and zero_grad; max over ranks; excludes parameter evidence sampling and post-step logging/barrier.",/opt/hbv/trainir-h20-experiments/20260927-v1/runs/qwen2_1p5b_32k/galvatron/full/01,,96016.0,True,1,833.8990761237219,True,833.8990761237219,sequence,1024,4096,,,,,,,,,,,,,,,,
qwen2_7b_32k,devastator,common,64,32768,bf16,/opt/hbv/trainir-h20-experiments/20260927-v1/runs/qwen2_7b_32k/devastator/common/01,no_feasible_candidate,0,18.714333821088076,18.714333821088076,18.758099137805402,Linux process start ticks to pre-training boundary,0.04376531671732664,,,,,,,,,,,,,,,,,,,,,,,,,1,18.758099137805402,True,18.758099137805402,,,,,,,,,,,,,,,,,,,
qwen2_7b_32k,devastator,full,64,32768,bf16,/opt/hbv/trainir-h20-experiments/20260927-v1/runs/qwen2_7b_32k/devastator/full/01,completed,0,260.39907254837453,260.39907254837453,260.46533209085464,Linux process start ticks to pre-training boundary,0.06625954248011112,2,2,2,1,1,1,1,1,32,4,"{""DistributedOptimizer"": true, ""Hybrid_MHA_MQA"": [true, 4], ""ReCompute"": [""selective"", [""mlp""]], ""VirtualPipe"": null}",545323264.5198268,10,1,199.63755498286338,0.3205809648665236,10504.797056746245,59053115392,66880274432,"CUDA-synchronized native whole step including batch preparation, forward, backward, optimizer and zero_grad; max over ranks; excludes parameter evidence sampling and post-step logging/barrier.",/opt/hbv/trainir-h20-experiments/20260927-v1/runs/qwen2_7b_32k/devastator/full/01,,70614.0,True,1,260.46533209085464,True,260.46533209085464,,,,,,,,,,,,,,,,,,,
qwen2_7b_32k,galvatron,common,64,32768,bf16,/opt/hbv/trainir-h20-experiments/20260927-v1/runs/qwen2_7b_32k/galvatron/common/02,completed,733.7034906828776,4.833128799684346,738.536619482562,744.8208749471232,Linux process start ticks to pre-training boundary,6.284255464561284,1,2,1,1,4,4,1,1,64,4,"{""checkpoint"": ""0,0,0,0,0,0,0,0,0,0,0,0,0,0,0,0,0,0,0,0,0,0,0,0,0,0,0,0"", ""chunks"": 64, ""default_dp_type"": ""ddp"", ""dp_types_enc"": ""0,0,0,0,0,0,0,0,0,0,0,0,0,0,0,0,0,0,0,0,0,0,0,0,0,0,0,0"", ""embed_sdp"": 0, ""global_bsz"": 64, ""pipeline_type"": ""pipedream_flush"", ""pp_deg"": 2, ""pp_division"": ""14,14"", ""tp_consecutive_flags"": ""1,1,1,1,1,1,1,1,1,1,1,1,1,1,1,1,1,1,1,1,1,1,1,1,1,1,1,1"", ""tp_sizes_enc"": ""4,4,4,4,4,4,4,4,4,4,4,4,4,4,4,4,4,4,4,4,4,4,4,4,4,4,4,4"", ""use_sp"": ""0,0,0,0,0,0,0,0,0,0,0,0,0,0,0,0,0,0,0,0,0,0,0,0,0,0,0,0"", ""vsp"": 0, ""vtp"": 4, ""world_size"": 8}",,10,1,169.360142641142,0.3778929268830973,12382.795428105332,61015549952,71431094272,"CUDA-synchronized native whole step including batch preparation, forward, backward, optimizer and zero_grad; max over ranks; excludes parameter evidence sampling and post-step logging/barrier.",/opt/hbv/trainir-h20-experiments/20260927-v1/runs/qwen2_7b_32k/galvatron/common/02,,70801.0,True,2,1136.9208389567211,True,1136.9208389567211,sequence,1024,4096,,,,,,,,,,,,,,,,
qwen2_7b_32k,galvatron,full,64,32768,bf16,/opt/hbv/trainir-h20-experiments/20260927-v1/runs/qwen2_7b_32k/galvatron/full/01,completed,746.4140776433051,211.2441597795114,957.6582374228165,963.9062643488869,Linux process start ticks to pre-training boundary,6.248026926070452,,1,,,,,,,32,4,"{""checkpoint"": ""0,0,0,0,0,0,0,0,0,0,0,0,0,0,0,0,0,0,0,0,0,0,0,0,0,0,0,0"", ""chunks"": 32, ""default_dp_type"": ""ddp"", ""dp_types_enc"": ""1,1,1,1,1,1,1,1,1,1,1,1,1,1,1,1,1,1,1,1,1,1,1,0,0,0,0,0"", ""embed_sdp"": 1, ""global_bsz"": 64, ""pipeline_type"": ""pipedream_flush"", ""pp_deg"": 1, ""pp_division"": ""28"", ""tp_consecutive_flags"": ""1,1,1,1,1,1,1,1,1,1,1,1,1,1,1,1,1,1,1,1,1,1,1,1,1,1,1,1"", ""tp_sizes_enc"": ""4,4,4,4,4,4,4,4,4,4,4,4,4,4,4,4,4,4,4,4,4,4,4,4,4,4,4,4"", ""use_sp"": ""0,0,0,0,0,0,0,0,0,0,0,0,0,0,0,0,0,0,0,0,0,0,0,0,0,0,0,0"", ""vsp"": 1, ""vtp"": 4, ""world_size"": 8}",,10,1,173.82577414754778,0.3681847546134048,12064.678039172048,78850652672,91236597760,"CUDA-synchronized native whole step including batch preparation, forward, backward, optimizer and zero_grad; max over ranks; excludes parameter evidence sampling and post-step logging/barrier.",/opt/hbv/trainir-h20-experiments/20260927-v1/runs/qwen2_7b_32k/galvatron/full/01,,97038.0,True,1,963.9062643488869,True,963.9062643488869,sequence,1024,4096,,,,,,,,,,,,,,,,
qwen25_14b_8k,devastator,common,64,8192,bf16,/opt/hbv/trainir-h20-experiments/20260927-v1/runs/qwen25_14b_8k/devastator/common/01,completed,0,48.08406466897577,48.08406466897577,48.136443491093814,Linux process start ticks to pre-training boundary,0.0523788221180439,1,4,1,1,2,2,1,1,64,8,"{""DistributedOptimizer"": false, ""Hybrid_MHA_MQA"": [true, 8], ""ReCompute"": [null, null], ""VirtualPipe"": null}",387272179.78725684,10,1,64.02785577718168,0.9995649428386509,8188.4360117342285,66409892352,72326578176,"CUDA-synchronized native whole step including batch preparation, forward, backward, optimizer and zero_grad; max over ranks; excludes parameter evidence sampling and post-step logging/barrier.",/opt/hbv/trainir-h20-experiments/20260927-v1/runs/qwen25_14b_8k/devastator/common/01,,72285.0,True,1,48.136443491093814,True,48.136443491093814,,,,,,,,,,,,,,,,,,,
qwen25_14b_8k,devastator,full,64,8192,bf16,/opt/hbv/trainir-h20-experiments/20260927-v1/runs/qwen25_14b_8k/devastator/full/01,completed,0,185.1044863415882,185.1044863415882,185.20786019507796,Linux process start ticks to pre-training boundary,0.10337385348975658,2,4,1,1,1,1,1,1,32,8,"{""DistributedOptimizer"": true, ""Hybrid_MHA_MQA"": [true, 8], ""ReCompute"": [""selective"", [""mlp""]], ""VirtualPipe"": 3}",284239855.98353815,10,1,69.83826893605291,0.9164030119160214,7507.173473616047,76769261056,97448361984,"CUDA-synchronized native whole step including batch preparation, forward, backward, optimizer and zero_grad; max over ranks; excludes parameter evidence sampling and post-step logging/barrier.",/opt/hbv/trainir-h20-experiments/20260927-v1/runs/qwen25_14b_8k/devastator/full/01,,97303.0,True,1,185.20786019507796,True,185.20786019507796,,,,,,,,,,,,,,,,,,,
qwen25_14b_8k,galvatron,common,64,8192,bf16,/opt/hbv/trainir-h20-experiments/20260927-v1/runs/qwen25_14b_8k/galvatron/common/01,completed,646.9369684383273,5.07247107103467,652.009439509362,658.2399212643504,Linux process start ticks to pre-training boundary,6.230481754988432,1,2,1,1,4,4,1,1,64,8,"{""checkpoint"": ""0,0,0,0,0,0,0,0,0,0,0,0,0,0,0,0,0,0,0,0,0,0,0,0,0,0,0,0,0,0,0,0,0,0,0,0,0,0,0,0,0,0,0,0,0,0,0,0"", ""chunks"": 64, ""default_dp_type"": ""ddp"", ""dp_types_enc"": ""0,0,0,0,0,0,0,0,0,0,0,0,0,0,0,0,0,0,0,0,0,0,0,0,0,0,0,0,0,0,0,0,0,0,0,0,0,0,0,0,0,0,0,0,0,0,0,0"", ""embed_sdp"": 0, ""global_bsz"": 64, ""pipeline_type"": ""pipedream_flush"", ""pp_deg"": 2, ""pp_division"": ""24,24"", ""tp_consecutive_flags"": ""1,1,1,1,1,1,1,1,1,1,1,1,1,1,1,1,1,1,1,1,1,1,1,1,1,1,1,1,1,1,1,1,1,1,1,1,1,1,1,1,1,1,1,1,1,1,1,1"", ""tp_sizes_enc"": ""4,4,4,4,4,4,4,4,4,4,4,4,4,4,4,4,4,4,4,4,4,4,4,4,4,4,4,4,4,4,4,4,4,4,4,4,4,4,4,4,4,4,4,4,4,4,4,4"", ""use_sp"": ""0,0,0,0,0,0,0,0,0,0,0,0,0,0,0,0,0,0,0,0,0,0,0,0,0,0,0,0,0,0,0,0,0,0,0,0,0,0,0,0,0,0,0,0,0,0,0,0"", ""vsp"": 0, ""vtp"": 4, ""world_size"": 8}",,10,1,62.3346570532769,1.0267161644171676,8410.858818905437,44353128960,67232595968,"CUDA-synchronized native whole step including batch preparation, forward, backward, optimizer and zero_grad; max over ranks; excludes parameter evidence sampling and post-step logging/barrier.",/opt/hbv/trainir-h20-experiments/20260927-v1/runs/qwen25_14b_8k/galvatron/common/01,,66797.0,True,1,658.2399212643504,True,658.2399212643504,sequence,1024,4096,,,,,,,,,,,,,,,,
qwen25_14b_8k,galvatron,full,64,8192,bf16,/opt/hbv/trainir-h20-experiments/20260927-v1/runs/qwen25_14b_8k/galvatron/full/01,completed,653.2959149284288,697.7878610193729,1351.0837759478018,1357.3151785824448,Linux process start ticks to pre-training boundary,6.231402634643018,,1,,,,,,,32,8,"{""checkpoint"": ""0,0,0,0,0,0,0,0,0,0,0,0,0,0,0,0,0,0,0,0,0,0,0,0,0,0,0,0,0,0,0,0,0,0,0,0,0,0,0,0,0,0,0,0,0,0,0,0"", ""chunks"": 32, ""default_dp_type"": ""ddp"", ""dp_types_enc"": ""1,1,1,1,1,1,1,0,0,0,0,0,0,0,0,0,0,0,0,0,0,0,0,0,0,0,0,0,0,0,0,0,0,0,0,0,0,0,0,0,0,0,0,0,0,0,0,0"", ""embed_sdp"": 1, ""global_bsz"": 64, ""pipeline_type"": ""pipedream_flush"", ""pp_deg"": 1, ""pp_division"": ""48"", ""tp_consecutive_flags"": ""1,1,1,1,1,1,1,1,1,1,1,1,1,1,1,1,1,1,1,1,1,1,1,1,1,1,1,1,1,1,1,1,1,1,1,1,1,1,1,1,1,1,1,1,1,1,1,1"", ""tp_sizes_enc"": ""4,4,4,4,4,4,4,4,4,4,4,4,4,4,4,4,4,4,4,4,4,4,4,4,4,4,4,4,4,4,4,4,4,4,4,4,4,4,4,4,4,4,4,4,4,4,4,4"", ""use_sp"": ""0,0,0,0,0,0,0,0,0,0,0,0,0,0,0,0,0,0,0,0,0,0,0,0,0,0,0,0,0,0,0,0,0,0,0,0,0,0,0,0,0,0,0,0,0,0,0,0"", ""vsp"": 0, ""vtp"": 4, ""world_size"": 8}",,10,1,67.59095558952541,0.9468722470601985,7756.777447917146,67989186560,99084140544,"CUDA-synchronized native whole step including batch preparation, forward, backward, optimizer and zero_grad; max over ranks; excludes parameter evidence sampling and post-step logging/barrier.",/opt/hbv/trainir-h20-experiments/20260927-v1/runs/qwen25_14b_8k/galvatron/full/01,,97337.0,True,1,1357.3151785824448,True,1357.3151785824448,sequence,1024,4096,,,,,,,,,,,,,,,,
qwen3_14b_4k,devastator,common,128,4096,bf16,/opt/hbv/trainir-h20-experiments/20260927-v1/runs/qwen3_14b_4k/devastator/common/01,completed,0,50.36069662217051,50.36069662217051,50.40718906279653,Linux process start ticks to pre-training boundary,0.0464924406260252,1,8,1,1,1,1,1,1,128,8,"{""DistributedOptimizer"": false, ""Hybrid_MHA_MQA"": [true, 8], ""ReCompute"": [null, null], ""VirtualPipe"": null}",299410021.4637917,10,1,67.26955186836422,1.902792518232849,7793.838154681749,74053825024,80677437440,"CUDA-synchronized native whole step including batch preparation, forward, backward, optimizer and zero_grad; max over ranks; excludes parameter evidence sampling and post-step logging/barrier.",/opt/hbv/trainir-h20-experiments/20260927-v1/runs/qwen3_14b_4k/devastator/common/01,,80147.0,True,1,50.40718906279653,True,50.40718906279653,,,,,,,,,,,,,,,,,,,
qwen3_14b_4k,devastator,full,128,4096,bf16,/opt/hbv/trainir-h20-experiments/20260927-v1/runs/qwen3_14b_4k/devastator/full/01,failed,0,204.63068599347025,204.63068599347025,204.71868251357228,Linux process start ticks to pre-training boundary,0.08799652010202408,2,4,1,1,1,1,1,1,64,8,"{""DistributedOptimizer"": true, ""Hybrid_MHA_MQA"": [true, 8], ""ReCompute"": [null, null], ""VirtualPipe"": 2}",235581729.28089663,,,,,,,,,,,,,1,204.71868251357228,True,204.71868251357228,,,,RuntimeError('Stage selected_training failed: /opt/hbv/trainir-h20-experiments/20260927-v1/runs/qwen3_14b_4k/devastator/full/01/stages/selected_training.log'),selected_training_cuda_oom,selected_training,/opt/hbv/trainir-h20-experiments/20260927-v1/runs/qwen3_14b_4k/devastator/full/01/stages/selected_training.log,0,1.45,95.07,1.4,93.66,76.5,12.91,memory_management,True,expandable_segments:True,/opt/hbv/trainir-h20-experiments/20260927-v1/diagnostics/allocator-expandable-01/megatron_selected_training,Identical selected workload passed ten steps with allocator setting only; original default-allocator OOM and performance fields retained. Not evidence of intrinsic capacity prediction failure.
qwen3_14b_4k,galvatron,common,128,4096,bf16,/opt/hbv/trainir-h20-experiments/20260927-v1/runs/qwen3_14b_4k/galvatron/common/01,completed,1079.975301016122,4.848497990518808,1084.823799006641,1091.1205072142184,Linux process start ticks to pre-training boundary,6.296708207577467,2,1,1,1,4,4,1,1,64,8,"{""checkpoint"": ""0,0,0,0,0,0,0,0,0,0,0,0,0,0,0,0,0,0,0,0,0,0,0,0,0,0,0,0,0,0,0,0,0,0,0,0,0,0,0,0"", ""chunks"": 64, ""default_dp_type"": ""ddp"", ""dp_types_enc"": ""0,0,0,0,0,0,0,0,0,0,0,0,0,0,0,0,0,0,0,0,0,0,0,0,0,0,0,0,0,0,0,0,0,0,0,0,0,0,0,0"", ""embed_sdp"": 0, ""global_bsz"": 128, ""pipeline_type"": ""pipedream_flush"", ""pp_deg"": 1, ""pp_division"": ""40"", ""tp_consecutive_flags"": ""1,1,1,1,1,1,1,1,1,1,1,1,1,1,1,1,1,1,1,1,1,1,1,1,1,1,1,1,1,1,1,1,1,1,1,1,1,1,1,1"", ""tp_sizes_enc"": ""4,4,4,4,4,4,4,4,4,4,4,4,4,4,4,4,4,4,4,4,4,4,4,4,4,4,4,4,4,4,4,4,4,4,4,4,4,4,4,4"", ""use_sp"": ""0,0,0,0,0,0,0,0,0,0,0,0,0,0,0,0,0,0,0,0,0,0,0,0,0,0,0,0,0,0,0,0,0,0,0,0,0,0,0,0"", ""vsp"": 0, ""vtp"": 4, ""world_size"": 8}",,10,1,58.16075293458998,2.2007968181559505,9014.463767166773,74182896128,99088334848,"CUDA-synchronized native whole step including batch preparation, forward, backward, optimizer and zero_grad; max over ranks; excludes parameter evidence sampling and post-step logging/barrier.",/opt/hbv/trainir-h20-experiments/20260927-v1/runs/qwen3_14b_4k/galvatron/common/01,,97339.0,True,1,1091.1205072142184,True,1091.1205072142184,static,4096,4096,,,,,,,,,,,,,,,,
qwen3_14b_4k,galvatron,full,128,4096,bf16,/opt/hbv/trainir-h20-experiments/20260927-v1/runs/qwen3_14b_4k/galvatron/full/01,completed,1084.5168624296784,705.3023818396032,1789.8192442692816,1796.0248638195917,Linux process start ticks to pre-training boundary,6.205619550310075,,2,,,,,,,64,8,"{""checkpoint"": ""0,0,0,0,0,0,0,0,0,0,0,0,0,0,0,0,0,0,0,0,0,0,0,0,0,0,0,0,0,0,0,0,0,0,0,0,0,0,0,0"", ""chunks"": 64, ""default_dp_type"": ""ddp"", ""dp_types_enc"": ""1,1,1,1,0,0,0,0,0,0,0,0,0,0,0,0,0,0,0,0,0,0,0,0,0,0,0,0,0,0,0,0,0,0,0,0,0,0,0,0"", ""embed_sdp"": 1, ""global_bsz"": 128, ""pipeline_type"": ""pipedream_flush"", ""pp_deg"": 2, ""pp_division"": ""20,20"", ""tp_consecutive_flags"": ""1,1,1,1,1,1,1,1,1,1,1,1,1,1,1,1,1,1,1,1,1,1,1,1,1,1,1,1,1,1,1,1,1,1,1,1,1,1,1,1"", ""tp_sizes_enc"": ""2,2,2,2,2,2,2,2,2,2,2,2,2,2,2,2,2,2,2,2,2,2,2,2,2,2,2,2,2,2,2,2,2,2,2,2,2,2,2,2"", ""use_sp"": ""0,0,0,0,0,0,0,0,0,0,0,0,0,0,0,0,0,0,0,0,0,0,0,0,0,0,0,0,0,0,0,0,0,0,0,0,0,0,0,0"", ""vsp"": 1, ""vtp"": 2, ""world_size"": 8}",,10,1,55.10340958554298,2.322905260540943,9514.619947175703,70091059712,98207531008,"CUDA-synchronized native whole step including batch preparation, forward, backward, optimizer and zero_grad; max over ranks; excludes parameter evidence sampling and post-step logging/barrier.",/opt/hbv/trainir-h20-experiments/20260927-v1/runs/qwen3_14b_4k/galvatron/full/01,,97303.0,True,1,1796.0248638195917,True,1796.0248638195917,static,4096,4096,,,,,,,,,,,,,,,,
