case,system,space,run,iteration,seconds,measured
llama7b_2k,devastator,common,/opt/hbv/trainir-h20-experiments/20260927-v1/runs/llama7b_2k/devastator/common/01/training_retries/02,1,57.93874017614871,False
llama7b_2k,devastator,common,/opt/hbv/trainir-h20-experiments/20260927-v1/runs/llama7b_2k/devastator/common/01/training_retries/02,2,23.619001309387386,False
llama7b_2k,devastator,common,/opt/hbv/trainir-h20-experiments/20260927-v1/runs/llama7b_2k/devastator/common/01/training_retries/02,3,23.611645857803524,False
llama7b_2k,devastator,common,/opt/hbv/trainir-h20-experiments/20260927-v1/runs/llama7b_2k/devastator/common/01/training_retries/02,4,23.60915798507631,False
llama7b_2k,devastator,common,/opt/hbv/trainir-h20-experiments/20260927-v1/runs/llama7b_2k/devastator/common/01/training_retries/02,5,23.607022444717586,False
llama7b_2k,devastator,common,/opt/hbv/trainir-h20-experiments/20260927-v1/runs/llama7b_2k/devastator/common/01/training_retries/02,6,23.60339566040784,True
llama7b_2k,devastator,common,/opt/hbv/trainir-h20-experiments/20260927-v1/runs/llama7b_2k/devastator/common/01/training_retries/02,7,23.610040303319693,True
llama7b_2k,devastator,common,/opt/hbv/trainir-h20-experiments/20260927-v1/runs/llama7b_2k/devastator/common/01/training_retries/02,8,23.61550254561007,True
llama7b_2k,devastator,common,/opt/hbv/trainir-h20-experiments/20260927-v1/runs/llama7b_2k/devastator/common/01/training_retries/02,9,23.608032643795013,True
llama7b_2k,devastator,common,/opt/hbv/trainir-h20-experiments/20260927-v1/runs/llama7b_2k/devastator/common/01/training_retries/02,10,23.605593931861222,True
llama7b_2k,devastator,full,/opt/hbv/trainir-h20-experiments/20260927-v1/runs/llama7b_2k/devastator/full/01,1,48.54494323860854,False
llama7b_2k,devastator,full,/opt/hbv/trainir-h20-experiments/20260927-v1/runs/llama7b_2k/devastator/full/01,2,20.24096427951008,False
llama7b_2k,devastator,full,/opt/hbv/trainir-h20-experiments/20260927-v1/runs/llama7b_2k/devastator/full/01,3,20.227423223666847,False
llama7b_2k,devastator,full,/opt/hbv/trainir-h20-experiments/20260927-v1/runs/llama7b_2k/devastator/full/01,4,20.224377661012113,False
llama7b_2k,devastator,full,/opt/hbv/trainir-h20-experiments/20260927-v1/runs/llama7b_2k/devastator/full/01,5,20.230458208359778,False
llama7b_2k,devastator,full,/opt/hbv/trainir-h20-experiments/20260927-v1/runs/llama7b_2k/devastator/full/01,6,20.221678314730525,True
llama7b_2k,devastator,full,/opt/hbv/trainir-h20-experiments/20260927-v1/runs/llama7b_2k/devastator/full/01,7,20.221783708781004,True
llama7b_2k,devastator,full,/opt/hbv/trainir-h20-experiments/20260927-v1/runs/llama7b_2k/devastator/full/01,8,20.221692935563624,True
llama7b_2k,devastator,full,/opt/hbv/trainir-h20-experiments/20260927-v1/runs/llama7b_2k/devastator/full/01,9,20.22328194323927,True
llama7b_2k,devastator,full,/opt/hbv/trainir-h20-experiments/20260927-v1/runs/llama7b_2k/devastator/full/01,10,20.22541676927358,True
llama7b_2k,galvatron,common,/opt/hbv/trainir-h20-experiments/20260927-v1/runs/llama7b_2k/galvatron/common/01/training_retries/02,1,33.81491105258465,False
llama7b_2k,galvatron,common,/opt/hbv/trainir-h20-experiments/20260927-v1/runs/llama7b_2k/galvatron/common/01/training_retries/02,2,26.50883971620351,False
llama7b_2k,galvatron,common,/opt/hbv/trainir-h20-experiments/20260927-v1/runs/llama7b_2k/galvatron/common/01/training_retries/02,3,26.511475978419185,False
llama7b_2k,galvatron,common,/opt/hbv/trainir-h20-experiments/20260927-v1/runs/llama7b_2k/galvatron/common/01/training_retries/02,4,26.517518402077258,False
llama7b_2k,galvatron,common,/opt/hbv/trainir-h20-experiments/20260927-v1/runs/llama7b_2k/galvatron/common/01/training_retries/02,5,26.692545721307397,False
llama7b_2k,galvatron,common,/opt/hbv/trainir-h20-experiments/20260927-v1/runs/llama7b_2k/galvatron/common/01/training_retries/02,6,26.518519303761423,True
llama7b_2k,galvatron,common,/opt/hbv/trainir-h20-experiments/20260927-v1/runs/llama7b_2k/galvatron/common/01/training_retries/02,7,26.52251890208572,True
llama7b_2k,galvatron,common,/opt/hbv/trainir-h20-experiments/20260927-v1/runs/llama7b_2k/galvatron/common/01/training_retries/02,8,26.513555952347815,True
llama7b_2k,galvatron,common,/opt/hbv/trainir-h20-experiments/20260927-v1/runs/llama7b_2k/galvatron/common/01/training_retries/02,9,26.51533799432218,True
llama7b_2k,galvatron,common,/opt/hbv/trainir-h20-experiments/20260927-v1/runs/llama7b_2k/galvatron/common/01/training_retries/02,10,26.512824842706323,True
llama7b_2k,galvatron,full,/opt/hbv/trainir-h20-experiments/20260927-v1/runs/llama7b_2k/galvatron/full/01,1,36.38297192752361,False
llama7b_2k,galvatron,full,/opt/hbv/trainir-h20-experiments/20260927-v1/runs/llama7b_2k/galvatron/full/01,2,25.021549413912,False
llama7b_2k,galvatron,full,/opt/hbv/trainir-h20-experiments/20260927-v1/runs/llama7b_2k/galvatron/full/01,3,25.03816148173064,False
llama7b_2k,galvatron,full,/opt/hbv/trainir-h20-experiments/20260927-v1/runs/llama7b_2k/galvatron/full/01,4,25.054629852063954,False
llama7b_2k,galvatron,full,/opt/hbv/trainir-h20-experiments/20260927-v1/runs/llama7b_2k/galvatron/full/01,5,25.036963331513107,False
llama7b_2k,galvatron,full,/opt/hbv/trainir-h20-experiments/20260927-v1/runs/llama7b_2k/galvatron/full/01,6,25.04212814476341,True
llama7b_2k,galvatron,full,/opt/hbv/trainir-h20-experiments/20260927-v1/runs/llama7b_2k/galvatron/full/01,7,25.041013254784048,True
llama7b_2k,galvatron,full,/opt/hbv/trainir-h20-experiments/20260927-v1/runs/llama7b_2k/galvatron/full/01,8,25.05014674924314,True
llama7b_2k,galvatron,full,/opt/hbv/trainir-h20-experiments/20260927-v1/runs/llama7b_2k/galvatron/full/01,9,25.056650235317647,True
llama7b_2k,galvatron,full,/opt/hbv/trainir-h20-experiments/20260927-v1/runs/llama7b_2k/galvatron/full/01,10,25.062275364995003,True
llama2_7b_4k,devastator,common,/opt/hbv/trainir-h20-experiments/20260927-v1/runs/llama2_7b_4k/devastator/common/01,1,82.56463392078876,False
llama2_7b_4k,devastator,common,/opt/hbv/trainir-h20-experiments/20260927-v1/runs/llama2_7b_4k/devastator/common/01,2,48.4854539250955,False
llama2_7b_4k,devastator,common,/opt/hbv/trainir-h20-experiments/20260927-v1/runs/llama2_7b_4k/devastator/common/01,3,48.471457687206566,False
llama2_7b_4k,devastator,common,/opt/hbv/trainir-h20-experiments/20260927-v1/runs/llama2_7b_4k/devastator/common/01,4,48.47994666360319,False
llama2_7b_4k,devastator,common,/opt/hbv/trainir-h20-experiments/20260927-v1/runs/llama2_7b_4k/devastator/common/01,5,48.48208441026509,False
llama2_7b_4k,devastator,common,/opt/hbv/trainir-h20-experiments/20260927-v1/runs/llama2_7b_4k/devastator/common/01,6,48.47146253567189,True
llama2_7b_4k,devastator,common,/opt/hbv/trainir-h20-experiments/20260927-v1/runs/llama2_7b_4k/devastator/common/01,7,48.489553603343666,True
llama2_7b_4k,devastator,common,/opt/hbv/trainir-h20-experiments/20260927-v1/runs/llama2_7b_4k/devastator/common/01,8,48.63255775067955,True
llama2_7b_4k,devastator,common,/opt/hbv/trainir-h20-experiments/20260927-v1/runs/llama2_7b_4k/devastator/common/01,9,48.48134504351765,True
llama2_7b_4k,devastator,common,/opt/hbv/trainir-h20-experiments/20260927-v1/runs/llama2_7b_4k/devastator/common/01,10,48.491672032512724,True
llama2_7b_4k,devastator,full,/opt/hbv/trainir-h20-experiments/20260927-v1/runs/llama2_7b_4k/devastator/full/01,1,68.76890156138688,False
llama2_7b_4k,devastator,full,/opt/hbv/trainir-h20-experiments/20260927-v1/runs/llama2_7b_4k/devastator/full/01,2,42.30964599829167,False
llama2_7b_4k,devastator,full,/opt/hbv/trainir-h20-experiments/20260927-v1/runs/llama2_7b_4k/devastator/full/01,3,42.30473903845996,False
llama2_7b_4k,devastator,full,/opt/hbv/trainir-h20-experiments/20260927-v1/runs/llama2_7b_4k/devastator/full/01,4,42.3023420823738,False
llama2_7b_4k,devastator,full,/opt/hbv/trainir-h20-experiments/20260927-v1/runs/llama2_7b_4k/devastator/full/01,5,42.3026330024004,False
llama2_7b_4k,devastator,full,/opt/hbv/trainir-h20-experiments/20260927-v1/runs/llama2_7b_4k/devastator/full/01,6,42.31070247665048,True
llama2_7b_4k,devastator,full,/opt/hbv/trainir-h20-experiments/20260927-v1/runs/llama2_7b_4k/devastator/full/01,7,42.29631023667753,True
llama2_7b_4k,devastator,full,/opt/hbv/trainir-h20-experiments/20260927-v1/runs/llama2_7b_4k/devastator/full/01,8,42.30742289125919,True
llama2_7b_4k,devastator,full,/opt/hbv/trainir-h20-experiments/20260927-v1/runs/llama2_7b_4k/devastator/full/01,9,42.306372463703156,True
llama2_7b_4k,devastator,full,/opt/hbv/trainir-h20-experiments/20260927-v1/runs/llama2_7b_4k/devastator/full/01,10,42.303730570711195,True
llama2_7b_4k,galvatron,common,/opt/hbv/trainir-h20-experiments/20260927-v1/runs/llama2_7b_4k/galvatron/common/01,1,64.18097442854196,False
llama2_7b_4k,galvatron,common,/opt/hbv/trainir-h20-experiments/20260927-v1/runs/llama2_7b_4k/galvatron/common/01,2,55.689870667643845,False
llama2_7b_4k,galvatron,common,/opt/hbv/trainir-h20-experiments/20260927-v1/runs/llama2_7b_4k/galvatron/common/01,3,55.701267858967185,False
llama2_7b_4k,galvatron,common,/opt/hbv/trainir-h20-experiments/20260927-v1/runs/llama2_7b_4k/galvatron/common/01,4,55.689528840593994,False
llama2_7b_4k,galvatron,common,/opt/hbv/trainir-h20-experiments/20260927-v1/runs/llama2_7b_4k/galvatron/common/01,5,55.70154500287026,False
llama2_7b_4k,galvatron,common,/opt/hbv/trainir-h20-experiments/20260927-v1/runs/llama2_7b_4k/galvatron/common/01,6,55.694770387373865,True
llama2_7b_4k,galvatron,common,/opt/hbv/trainir-h20-experiments/20260927-v1/runs/llama2_7b_4k/galvatron/common/01,7,55.73342310450971,True
llama2_7b_4k,galvatron,common,/opt/hbv/trainir-h20-experiments/20260927-v1/runs/llama2_7b_4k/galvatron/common/01,8,55.73977136798203,True
llama2_7b_4k,galvatron,common,/opt/hbv/trainir-h20-experiments/20260927-v1/runs/llama2_7b_4k/galvatron/common/01,9,55.730976205319166,True
llama2_7b_4k,galvatron,common,/opt/hbv/trainir-h20-experiments/20260927-v1/runs/llama2_7b_4k/galvatron/common/01,10,55.72069277521223,True
llama2_7b_4k,galvatron,full,/opt/hbv/trainir-h20-experiments/20260927-v1/runs/llama2_7b_4k/galvatron/full/01,1,64.80828518047929,False
llama2_7b_4k,galvatron,full,/opt/hbv/trainir-h20-experiments/20260927-v1/runs/llama2_7b_4k/galvatron/full/01,2,52.967193578369915,False
llama2_7b_4k,galvatron,full,/opt/hbv/trainir-h20-experiments/20260927-v1/runs/llama2_7b_4k/galvatron/full/01,3,52.95261297374964,False
llama2_7b_4k,galvatron,full,/opt/hbv/trainir-h20-experiments/20260927-v1/runs/llama2_7b_4k/galvatron/full/01,4,52.95655211620033,False
llama2_7b_4k,galvatron,full,/opt/hbv/trainir-h20-experiments/20260927-v1/runs/llama2_7b_4k/galvatron/full/01,5,52.94780009612441,False
llama2_7b_4k,galvatron,full,/opt/hbv/trainir-h20-experiments/20260927-v1/runs/llama2_7b_4k/galvatron/full/01,6,53.44602208118886,True
llama2_7b_4k,galvatron,full,/opt/hbv/trainir-h20-experiments/20260927-v1/runs/llama2_7b_4k/galvatron/full/01,7,52.96178142912686,True
llama2_7b_4k,galvatron,full,/opt/hbv/trainir-h20-experiments/20260927-v1/runs/llama2_7b_4k/galvatron/full/01,8,52.94300450384617,True
llama2_7b_4k,galvatron,full,/opt/hbv/trainir-h20-experiments/20260927-v1/runs/llama2_7b_4k/galvatron/full/01,9,52.98642380814999,True
llama2_7b_4k,galvatron,full,/opt/hbv/trainir-h20-experiments/20260927-v1/runs/llama2_7b_4k/galvatron/full/01,10,52.97496119979769,True
llama2_13b_4k,devastator,common,/opt/hbv/trainir-h20-experiments/20260927-v1/runs/llama2_13b_4k/devastator/common/01,1,293.65069466270506,False
llama2_13b_4k,devastator,common,/opt/hbv/trainir-h20-experiments/20260927-v1/runs/llama2_13b_4k/devastator/common/01,2,190.19281714968383,False
llama2_13b_4k,devastator,common,/opt/hbv/trainir-h20-experiments/20260927-v1/runs/llama2_13b_4k/devastator/common/01,3,190.15802561398596,False
llama2_13b_4k,devastator,common,/opt/hbv/trainir-h20-experiments/20260927-v1/runs/llama2_13b_4k/devastator/common/01,4,190.33323620818555,False
llama2_13b_4k,devastator,common,/opt/hbv/trainir-h20-experiments/20260927-v1/runs/llama2_13b_4k/devastator/common/01,5,190.6251463536173,False
llama2_13b_4k,devastator,common,/opt/hbv/trainir-h20-experiments/20260927-v1/runs/llama2_13b_4k/devastator/common/01,6,190.19988242257386,True
llama2_13b_4k,devastator,common,/opt/hbv/trainir-h20-experiments/20260927-v1/runs/llama2_13b_4k/devastator/common/01,7,190.17400620877743,True
llama2_13b_4k,devastator,common,/opt/hbv/trainir-h20-experiments/20260927-v1/runs/llama2_13b_4k/devastator/common/01,8,190.11802616994828,True
llama2_13b_4k,devastator,common,/opt/hbv/trainir-h20-experiments/20260927-v1/runs/llama2_13b_4k/devastator/common/01,9,190.13482128549367,True
llama2_13b_4k,devastator,common,/opt/hbv/trainir-h20-experiments/20260927-v1/runs/llama2_13b_4k/devastator/common/01,10,190.10619926732033,True
llama2_13b_4k,devastator,full,/opt/hbv/trainir-h20-experiments/20260927-v1/runs/llama2_13b_4k/devastator/full/01,1,193.61965823359787,False
llama2_13b_4k,devastator,full,/opt/hbv/trainir-h20-experiments/20260927-v1/runs/llama2_13b_4k/devastator/full/01,2,160.5545560233295,False
llama2_13b_4k,devastator,full,/opt/hbv/trainir-h20-experiments/20260927-v1/runs/llama2_13b_4k/devastator/full/01,3,160.56929582264274,False
llama2_13b_4k,devastator,full,/opt/hbv/trainir-h20-experiments/20260927-v1/runs/llama2_13b_4k/devastator/full/01,4,160.68215951416641,False
llama2_13b_4k,devastator,full,/opt/hbv/trainir-h20-experiments/20260927-v1/runs/llama2_13b_4k/devastator/full/01,5,160.7053900146857,False
llama2_13b_4k,devastator,full,/opt/hbv/trainir-h20-experiments/20260927-v1/runs/llama2_13b_4k/devastator/full/01,6,160.60789094492793,True
llama2_13b_4k,devastator,full,/opt/hbv/trainir-h20-experiments/20260927-v1/runs/llama2_13b_4k/devastator/full/01,7,160.5632605822757,True
llama2_13b_4k,devastator,full,/opt/hbv/trainir-h20-experiments/20260927-v1/runs/llama2_13b_4k/devastator/full/01,8,160.55142350122333,True
llama2_13b_4k,devastator,full,/opt/hbv/trainir-h20-experiments/20260927-v1/runs/llama2_13b_4k/devastator/full/01,9,160.5506028626114,True
llama2_13b_4k,devastator,full,/opt/hbv/trainir-h20-experiments/20260927-v1/runs/llama2_13b_4k/devastator/full/01,10,160.5733861979097,True
llama2_13b_4k,galvatron,common,/opt/hbv/trainir-h20-experiments/20260927-v1/runs/llama2_13b_4k/galvatron/common/01,1,211.4295251518488,False
llama2_13b_4k,galvatron,common,/opt/hbv/trainir-h20-experiments/20260927-v1/runs/llama2_13b_4k/galvatron/common/01,2,204.3848389685154,False
llama2_13b_4k,galvatron,common,/opt/hbv/trainir-h20-experiments/20260927-v1/runs/llama2_13b_4k/galvatron/common/01,3,204.30318863410503,False
llama2_13b_4k,galvatron,common,/opt/hbv/trainir-h20-experiments/20260927-v1/runs/llama2_13b_4k/galvatron/common/01,4,204.3217952940613,False
llama2_13b_4k,galvatron,common,/opt/hbv/trainir-h20-experiments/20260927-v1/runs/llama2_13b_4k/galvatron/common/01,5,204.32195589877665,False
llama2_13b_4k,galvatron,common,/opt/hbv/trainir-h20-experiments/20260927-v1/runs/llama2_13b_4k/galvatron/common/01,6,204.24185446742922,True
llama2_13b_4k,galvatron,common,/opt/hbv/trainir-h20-experiments/20260927-v1/runs/llama2_13b_4k/galvatron/common/01,7,204.24725019279867,True
llama2_13b_4k,galvatron,common,/opt/hbv/trainir-h20-experiments/20260927-v1/runs/llama2_13b_4k/galvatron/common/01,8,204.41961472388357,True
llama2_13b_4k,galvatron,common,/opt/hbv/trainir-h20-experiments/20260927-v1/runs/llama2_13b_4k/galvatron/common/01,9,204.25330433435738,True
llama2_13b_4k,galvatron,common,/opt/hbv/trainir-h20-experiments/20260927-v1/runs/llama2_13b_4k/galvatron/common/01,10,204.3277528807521,True
llama2_13b_4k,galvatron,full,/opt/hbv/trainir-h20-experiments/20260927-v1/runs/llama2_13b_4k/galvatron/full/01,1,215.81412435509264,False
llama2_13b_4k,galvatron,full,/opt/hbv/trainir-h20-experiments/20260927-v1/runs/llama2_13b_4k/galvatron/full/01,2,205.01619161944836,False
llama2_13b_4k,galvatron,full,/opt/hbv/trainir-h20-experiments/20260927-v1/runs/llama2_13b_4k/galvatron/full/01,3,204.9091694066301,False
llama2_13b_4k,galvatron,full,/opt/hbv/trainir-h20-experiments/20260927-v1/runs/llama2_13b_4k/galvatron/full/01,4,205.37663939315826,False
llama2_13b_4k,galvatron,full,/opt/hbv/trainir-h20-experiments/20260927-v1/runs/llama2_13b_4k/galvatron/full/01,5,204.89039672445506,False
llama2_13b_4k,galvatron,full,/opt/hbv/trainir-h20-experiments/20260927-v1/runs/llama2_13b_4k/galvatron/full/01,6,204.91620129533112,True
llama2_13b_4k,galvatron,full,/opt/hbv/trainir-h20-experiments/20260927-v1/runs/llama2_13b_4k/galvatron/full/01,7,205.01644981559366,True
llama2_13b_4k,galvatron,full,/opt/hbv/trainir-h20-experiments/20260927-v1/runs/llama2_13b_4k/galvatron/full/01,8,205.042522049509,True
llama2_13b_4k,galvatron,full,/opt/hbv/trainir-h20-experiments/20260927-v1/runs/llama2_13b_4k/galvatron/full/01,9,204.80163317918777,True
llama2_13b_4k,galvatron,full,/opt/hbv/trainir-h20-experiments/20260927-v1/runs/llama2_13b_4k/galvatron/full/01,10,205.33858421444893,True
llama3_8b_8k,devastator,common,/opt/hbv/trainir-h20-experiments/20260927-v1/runs/llama3_8b_8k/devastator/common/01,1,89.93811079207808,False
llama3_8b_8k,devastator,common,/opt/hbv/trainir-h20-experiments/20260927-v1/runs/llama3_8b_8k/devastator/common/01,2,35.42121407482773,False
llama3_8b_8k,devastator,common,/opt/hbv/trainir-h20-experiments/20260927-v1/runs/llama3_8b_8k/devastator/common/01,3,35.416566383093596,False
llama3_8b_8k,devastator,common,/opt/hbv/trainir-h20-experiments/20260927-v1/runs/llama3_8b_8k/devastator/common/01,4,35.394834394566715,False
llama3_8b_8k,devastator,common,/opt/hbv/trainir-h20-experiments/20260927-v1/runs/llama3_8b_8k/devastator/common/01,5,35.40067089907825,False
llama3_8b_8k,devastator,common,/opt/hbv/trainir-h20-experiments/20260927-v1/runs/llama3_8b_8k/devastator/common/01,6,35.394900997169316,True
llama3_8b_8k,devastator,common,/opt/hbv/trainir-h20-experiments/20260927-v1/runs/llama3_8b_8k/devastator/common/01,7,35.42741797398776,True
llama3_8b_8k,devastator,common,/opt/hbv/trainir-h20-experiments/20260927-v1/runs/llama3_8b_8k/devastator/common/01,8,35.41251127049327,True
llama3_8b_8k,devastator,common,/opt/hbv/trainir-h20-experiments/20260927-v1/runs/llama3_8b_8k/devastator/common/01,9,35.39176888484508,True
llama3_8b_8k,devastator,common,/opt/hbv/trainir-h20-experiments/20260927-v1/runs/llama3_8b_8k/devastator/common/01,10,35.48524049203843,True
llama3_8b_8k,devastator,full,/opt/hbv/trainir-h20-experiments/20260927-v1/runs/llama3_8b_8k/devastator/full/01,1,65.04020462185144,False
llama3_8b_8k,devastator,full,/opt/hbv/trainir-h20-experiments/20260927-v1/runs/llama3_8b_8k/devastator/full/01,2,28.99536732211709,False
llama3_8b_8k,devastator,full,/opt/hbv/trainir-h20-experiments/20260927-v1/runs/llama3_8b_8k/devastator/full/01,3,29.056480104103684,False
llama3_8b_8k,devastator,full,/opt/hbv/trainir-h20-experiments/20260927-v1/runs/llama3_8b_8k/devastator/full/01,4,29.040567437186837,False
llama3_8b_8k,devastator,full,/opt/hbv/trainir-h20-experiments/20260927-v1/runs/llama3_8b_8k/devastator/full/01,5,29.046401286497712,False
llama3_8b_8k,devastator,full,/opt/hbv/trainir-h20-experiments/20260927-v1/runs/llama3_8b_8k/devastator/full/01,6,29.0445657344535,True
llama3_8b_8k,devastator,full,/opt/hbv/trainir-h20-experiments/20260927-v1/runs/llama3_8b_8k/devastator/full/01,7,29.07426343858242,True
llama3_8b_8k,devastator,full,/opt/hbv/trainir-h20-experiments/20260927-v1/runs/llama3_8b_8k/devastator/full/01,8,29.05337130278349,True
llama3_8b_8k,devastator,full,/opt/hbv/trainir-h20-experiments/20260927-v1/runs/llama3_8b_8k/devastator/full/01,9,29.051048488356173,True
llama3_8b_8k,devastator,full,/opt/hbv/trainir-h20-experiments/20260927-v1/runs/llama3_8b_8k/devastator/full/01,10,29.052916353568435,True
llama3_8b_8k,galvatron,common,/opt/hbv/trainir-h20-experiments/20260927-v1/runs/llama3_8b_8k/galvatron/common/01,1,48.50278451293707,False
llama3_8b_8k,galvatron,common,/opt/hbv/trainir-h20-experiments/20260927-v1/runs/llama3_8b_8k/galvatron/common/01,2,33.63978693727404,False
llama3_8b_8k,galvatron,common,/opt/hbv/trainir-h20-experiments/20260927-v1/runs/llama3_8b_8k/galvatron/common/01,3,33.64657608419657,False
llama3_8b_8k,galvatron,common,/opt/hbv/trainir-h20-experiments/20260927-v1/runs/llama3_8b_8k/galvatron/common/01,4,33.6616099961102,False
llama3_8b_8k,galvatron,common,/opt/hbv/trainir-h20-experiments/20260927-v1/runs/llama3_8b_8k/galvatron/common/01,5,33.657260255888104,False
llama3_8b_8k,galvatron,common,/opt/hbv/trainir-h20-experiments/20260927-v1/runs/llama3_8b_8k/galvatron/common/01,6,33.64167778007686,True
llama3_8b_8k,galvatron,common,/opt/hbv/trainir-h20-experiments/20260927-v1/runs/llama3_8b_8k/galvatron/common/01,7,33.661042594350874,True
llama3_8b_8k,galvatron,common,/opt/hbv/trainir-h20-experiments/20260927-v1/runs/llama3_8b_8k/galvatron/common/01,8,33.66924922261387,True
llama3_8b_8k,galvatron,common,/opt/hbv/trainir-h20-experiments/20260927-v1/runs/llama3_8b_8k/galvatron/common/01,9,33.65138183534145,True
llama3_8b_8k,galvatron,common,/opt/hbv/trainir-h20-experiments/20260927-v1/runs/llama3_8b_8k/galvatron/common/01,10,33.64932872541249,True
llama3_8b_8k,galvatron,full,/opt/hbv/trainir-h20-experiments/20260927-v1/runs/llama3_8b_8k/galvatron/full/01,1,43.1253724116832,False
llama3_8b_8k,galvatron,full,/opt/hbv/trainir-h20-experiments/20260927-v1/runs/llama3_8b_8k/galvatron/full/01,2,33.12242939323187,False
llama3_8b_8k,galvatron,full,/opt/hbv/trainir-h20-experiments/20260927-v1/runs/llama3_8b_8k/galvatron/full/01,3,33.13525720406324,False
llama3_8b_8k,galvatron,full,/opt/hbv/trainir-h20-experiments/20260927-v1/runs/llama3_8b_8k/galvatron/full/01,4,33.12015441339463,False
llama3_8b_8k,galvatron,full,/opt/hbv/trainir-h20-experiments/20260927-v1/runs/llama3_8b_8k/galvatron/full/01,5,33.11344629805535,False
llama3_8b_8k,galvatron,full,/opt/hbv/trainir-h20-experiments/20260927-v1/runs/llama3_8b_8k/galvatron/full/01,6,33.02123726345599,True
llama3_8b_8k,galvatron,full,/opt/hbv/trainir-h20-experiments/20260927-v1/runs/llama3_8b_8k/galvatron/full/01,7,32.81062958389521,True
llama3_8b_8k,galvatron,full,/opt/hbv/trainir-h20-experiments/20260927-v1/runs/llama3_8b_8k/galvatron/full/01,8,32.81150304060429,True
llama3_8b_8k,galvatron,full,/opt/hbv/trainir-h20-experiments/20260927-v1/runs/llama3_8b_8k/galvatron/full/01,9,32.809553591534495,True
llama3_8b_8k,galvatron,full,/opt/hbv/trainir-h20-experiments/20260927-v1/runs/llama3_8b_8k/galvatron/full/01,10,32.98123028036207,True
qwen2_1p5b_32k,devastator,common,/opt/hbv/trainir-h20-experiments/20260927-v1/runs/qwen2_1p5b_32k/devastator/common/01,1,157.58324220962822,False
qwen2_1p5b_32k,devastator,common,/opt/hbv/trainir-h20-experiments/20260927-v1/runs/qwen2_1p5b_32k/devastator/common/01,2,92.12339703086764,False
qwen2_1p5b_32k,devastator,common,/opt/hbv/trainir-h20-experiments/20260927-v1/runs/qwen2_1p5b_32k/devastator/common/01,3,92.23180825542659,False
qwen2_1p5b_32k,devastator,common,/opt/hbv/trainir-h20-experiments/20260927-v1/runs/qwen2_1p5b_32k/devastator/common/01,4,92.3448530593887,False
qwen2_1p5b_32k,devastator,common,/opt/hbv/trainir-h20-experiments/20260927-v1/runs/qwen2_1p5b_32k/devastator/common/01,5,92.0370639404282,False
qwen2_1p5b_32k,devastator,common,/opt/hbv/trainir-h20-experiments/20260927-v1/runs/qwen2_1p5b_32k/devastator/common/01,6,86.28978620003909,True
qwen2_1p5b_32k,devastator,common,/opt/hbv/trainir-h20-experiments/20260927-v1/runs/qwen2_1p5b_32k/devastator/common/01,7,84.54918528255075,True
qwen2_1p5b_32k,devastator,common,/opt/hbv/trainir-h20-experiments/20260927-v1/runs/qwen2_1p5b_32k/devastator/common/01,8,84.44649924896657,True
qwen2_1p5b_32k,devastator,common,/opt/hbv/trainir-h20-experiments/20260927-v1/runs/qwen2_1p5b_32k/devastator/common/01,9,84.70814664568752,True
qwen2_1p5b_32k,devastator,common,/opt/hbv/trainir-h20-experiments/20260927-v1/runs/qwen2_1p5b_32k/devastator/common/01,10,84.49104304425418,True
qwen2_1p5b_32k,devastator,full,/opt/hbv/trainir-h20-experiments/20260927-v1/runs/qwen2_1p5b_32k/devastator/full/01,1,118.10086260922253,False
qwen2_1p5b_32k,devastator,full,/opt/hbv/trainir-h20-experiments/20260927-v1/runs/qwen2_1p5b_32k/devastator/full/01,2,65.65486254543066,False
qwen2_1p5b_32k,devastator,full,/opt/hbv/trainir-h20-experiments/20260927-v1/runs/qwen2_1p5b_32k/devastator/full/01,3,64.23730022646487,False
qwen2_1p5b_32k,devastator,full,/opt/hbv/trainir-h20-experiments/20260927-v1/runs/qwen2_1p5b_32k/devastator/full/01,4,64.47453821636736,False
qwen2_1p5b_32k,devastator,full,/opt/hbv/trainir-h20-experiments/20260927-v1/runs/qwen2_1p5b_32k/devastator/full/01,5,64.88713761046529,False
qwen2_1p5b_32k,devastator,full,/opt/hbv/trainir-h20-experiments/20260927-v1/runs/qwen2_1p5b_32k/devastator/full/01,6,64.6025320570916,True
qwen2_1p5b_32k,devastator,full,/opt/hbv/trainir-h20-experiments/20260927-v1/runs/qwen2_1p5b_32k/devastator/full/01,7,64.67648273799568,True
qwen2_1p5b_32k,devastator,full,/opt/hbv/trainir-h20-experiments/20260927-v1/runs/qwen2_1p5b_32k/devastator/full/01,8,64.67864173464477,True
qwen2_1p5b_32k,devastator,full,/opt/hbv/trainir-h20-experiments/20260927-v1/runs/qwen2_1p5b_32k/devastator/full/01,9,64.65946343261749,True
qwen2_1p5b_32k,devastator,full,/opt/hbv/trainir-h20-experiments/20260927-v1/runs/qwen2_1p5b_32k/devastator/full/01,10,68.52220122888684,True
qwen2_1p5b_32k,galvatron,common,/opt/hbv/trainir-h20-experiments/20260927-v1/runs/qwen2_1p5b_32k/galvatron/common/02,1,77.5296661267057,False
qwen2_1p5b_32k,galvatron,common,/opt/hbv/trainir-h20-experiments/20260927-v1/runs/qwen2_1p5b_32k/galvatron/common/02,2,56.484552366659045,False
qwen2_1p5b_32k,galvatron,common,/opt/hbv/trainir-h20-experiments/20260927-v1/runs/qwen2_1p5b_32k/galvatron/common/02,3,56.476763397455215,False
qwen2_1p5b_32k,galvatron,common,/opt/hbv/trainir-h20-experiments/20260927-v1/runs/qwen2_1p5b_32k/galvatron/common/02,4,56.48117182031274,False
qwen2_1p5b_32k,galvatron,common,/opt/hbv/trainir-h20-experiments/20260927-v1/runs/qwen2_1p5b_32k/galvatron/common/02,5,56.45993991661817,False
qwen2_1p5b_32k,galvatron,common,/opt/hbv/trainir-h20-experiments/20260927-v1/runs/qwen2_1p5b_32k/galvatron/common/02,6,56.48621019348502,True
qwen2_1p5b_32k,galvatron,common,/opt/hbv/trainir-h20-experiments/20260927-v1/runs/qwen2_1p5b_32k/galvatron/common/02,7,56.45157551858574,True
qwen2_1p5b_32k,galvatron,common,/opt/hbv/trainir-h20-experiments/20260927-v1/runs/qwen2_1p5b_32k/galvatron/common/02,8,56.465945151634514,True
qwen2_1p5b_32k,galvatron,common,/opt/hbv/trainir-h20-experiments/20260927-v1/runs/qwen2_1p5b_32k/galvatron/common/02,9,56.46209577843547,True
qwen2_1p5b_32k,galvatron,common,/opt/hbv/trainir-h20-experiments/20260927-v1/runs/qwen2_1p5b_32k/galvatron/common/02,10,56.44588772766292,True
qwen2_1p5b_32k,galvatron,full,/opt/hbv/trainir-h20-experiments/20260927-v1/runs/qwen2_1p5b_32k/galvatron/full/01,1,90.33953751437366,False
qwen2_1p5b_32k,galvatron,full,/opt/hbv/trainir-h20-experiments/20260927-v1/runs/qwen2_1p5b_32k/galvatron/full/01,2,55.51609820034355,False
qwen2_1p5b_32k,galvatron,full,/opt/hbv/trainir-h20-experiments/20260927-v1/runs/qwen2_1p5b_32k/galvatron/full/01,3,55.53735909983516,False
qwen2_1p5b_32k,galvatron,full,/opt/hbv/trainir-h20-experiments/20260927-v1/runs/qwen2_1p5b_32k/galvatron/full/01,4,55.53535433113575,False
qwen2_1p5b_32k,galvatron,full,/opt/hbv/trainir-h20-experiments/20260927-v1/runs/qwen2_1p5b_32k/galvatron/full/01,5,55.551435695029795,False
qwen2_1p5b_32k,galvatron,full,/opt/hbv/trainir-h20-experiments/20260927-v1/runs/qwen2_1p5b_32k/galvatron/full/01,6,55.68097455333918,True
qwen2_1p5b_32k,galvatron,full,/opt/hbv/trainir-h20-experiments/20260927-v1/runs/qwen2_1p5b_32k/galvatron/full/01,7,55.55631925910711,True
qwen2_1p5b_32k,galvatron,full,/opt/hbv/trainir-h20-experiments/20260927-v1/runs/qwen2_1p5b_32k/galvatron/full/01,8,55.66086983680725,True
qwen2_1p5b_32k,galvatron,full,/opt/hbv/trainir-h20-experiments/20260927-v1/runs/qwen2_1p5b_32k/galvatron/full/01,9,60.77602174412459,True
qwen2_1p5b_32k,galvatron,full,/opt/hbv/trainir-h20-experiments/20260927-v1/runs/qwen2_1p5b_32k/galvatron/full/01,10,59.03599642217159,True
qwen2_7b_32k,devastator,full,/opt/hbv/trainir-h20-experiments/20260927-v1/runs/qwen2_7b_32k/devastator/full/01,1,268.88543266709894,False
qwen2_7b_32k,devastator,full,/opt/hbv/trainir-h20-experiments/20260927-v1/runs/qwen2_7b_32k/devastator/full/01,2,200.00674761645496,False
qwen2_7b_32k,devastator,full,/opt/hbv/trainir-h20-experiments/20260927-v1/runs/qwen2_7b_32k/devastator/full/01,3,200.13587644323707,False
qwen2_7b_32k,devastator,full,/opt/hbv/trainir-h20-experiments/20260927-v1/runs/qwen2_7b_32k/devastator/full/01,4,199.70892825257033,False
qwen2_7b_32k,devastator,full,/opt/hbv/trainir-h20-experiments/20260927-v1/runs/qwen2_7b_32k/devastator/full/01,5,200.21564045827836,False
qwen2_7b_32k,devastator,full,/opt/hbv/trainir-h20-experiments/20260927-v1/runs/qwen2_7b_32k/devastator/full/01,6,199.66703969426453,True
qwen2_7b_32k,devastator,full,/opt/hbv/trainir-h20-experiments/20260927-v1/runs/qwen2_7b_32k/devastator/full/01,7,199.95478903129697,True
qwen2_7b_32k,devastator,full,/opt/hbv/trainir-h20-experiments/20260927-v1/runs/qwen2_7b_32k/devastator/full/01,8,199.8313638549298,True
qwen2_7b_32k,devastator,full,/opt/hbv/trainir-h20-experiments/20260927-v1/runs/qwen2_7b_32k/devastator/full/01,9,199.6720428140834,True
qwen2_7b_32k,devastator,full,/opt/hbv/trainir-h20-experiments/20260927-v1/runs/qwen2_7b_32k/devastator/full/01,10,199.06253951974213,True
qwen2_7b_32k,galvatron,common,/opt/hbv/trainir-h20-experiments/20260927-v1/runs/qwen2_7b_32k/galvatron/common/02,1,182.75562723819166,False
qwen2_7b_32k,galvatron,common,/opt/hbv/trainir-h20-experiments/20260927-v1/runs/qwen2_7b_32k/galvatron/common/02,2,169.38317518215626,False
qwen2_7b_32k,galvatron,common,/opt/hbv/trainir-h20-experiments/20260927-v1/runs/qwen2_7b_32k/galvatron/common/02,3,169.3817032976076,False
qwen2_7b_32k,galvatron,common,/opt/hbv/trainir-h20-experiments/20260927-v1/runs/qwen2_7b_32k/galvatron/common/02,4,169.3647378841415,False
qwen2_7b_32k,galvatron,common,/opt/hbv/trainir-h20-experiments/20260927-v1/runs/qwen2_7b_32k/galvatron/common/02,5,169.36119593773037,False
qwen2_7b_32k,galvatron,common,/opt/hbv/trainir-h20-experiments/20260927-v1/runs/qwen2_7b_32k/galvatron/common/02,6,169.37615081481636,True
qwen2_7b_32k,galvatron,common,/opt/hbv/trainir-h20-experiments/20260927-v1/runs/qwen2_7b_32k/galvatron/common/02,7,169.35346519947052,True
qwen2_7b_32k,galvatron,common,/opt/hbv/trainir-h20-experiments/20260927-v1/runs/qwen2_7b_32k/galvatron/common/02,8,169.35572299081832,True
qwen2_7b_32k,galvatron,common,/opt/hbv/trainir-h20-experiments/20260927-v1/runs/qwen2_7b_32k/galvatron/common/02,9,169.35476063005626,True
qwen2_7b_32k,galvatron,common,/opt/hbv/trainir-h20-experiments/20260927-v1/runs/qwen2_7b_32k/galvatron/common/02,10,169.3606135705486,True
qwen2_7b_32k,galvatron,full,/opt/hbv/trainir-h20-experiments/20260927-v1/runs/qwen2_7b_32k/galvatron/full/01,1,286.8807366434485,False
qwen2_7b_32k,galvatron,full,/opt/hbv/trainir-h20-experiments/20260927-v1/runs/qwen2_7b_32k/galvatron/full/01,2,205.87737036403269,False
qwen2_7b_32k,galvatron,full,/opt/hbv/trainir-h20-experiments/20260927-v1/runs/qwen2_7b_32k/galvatron/full/01,3,181.52002994529903,False
qwen2_7b_32k,galvatron,full,/opt/hbv/trainir-h20-experiments/20260927-v1/runs/qwen2_7b_32k/galvatron/full/01,4,173.69117208756506,False
qwen2_7b_32k,galvatron,full,/opt/hbv/trainir-h20-experiments/20260927-v1/runs/qwen2_7b_32k/galvatron/full/01,5,172.50256969034672,False
qwen2_7b_32k,galvatron,full,/opt/hbv/trainir-h20-experiments/20260927-v1/runs/qwen2_7b_32k/galvatron/full/01,6,173.77928637713194,True
qwen2_7b_32k,galvatron,full,/opt/hbv/trainir-h20-experiments/20260927-v1/runs/qwen2_7b_32k/galvatron/full/01,7,176.27727399300784,True
qwen2_7b_32k,galvatron,full,/opt/hbv/trainir-h20-experiments/20260927-v1/runs/qwen2_7b_32k/galvatron/full/01,8,173.45102061051875,True
qwen2_7b_32k,galvatron,full,/opt/hbv/trainir-h20-experiments/20260927-v1/runs/qwen2_7b_32k/galvatron/full/01,9,173.08176712878048,True
qwen2_7b_32k,galvatron,full,/opt/hbv/trainir-h20-experiments/20260927-v1/runs/qwen2_7b_32k/galvatron/full/01,10,172.5395226282999,True
qwen25_14b_8k,devastator,common,/opt/hbv/trainir-h20-experiments/20260927-v1/runs/qwen25_14b_8k/devastator/common/01,1,126.37579183280468,False
qwen25_14b_8k,devastator,common,/opt/hbv/trainir-h20-experiments/20260927-v1/runs/qwen25_14b_8k/devastator/common/01,2,63.981915204785764,False
qwen25_14b_8k,devastator,common,/opt/hbv/trainir-h20-experiments/20260927-v1/runs/qwen25_14b_8k/devastator/common/01,3,64.03040226176381,False
qwen25_14b_8k,devastator,common,/opt/hbv/trainir-h20-experiments/20260927-v1/runs/qwen25_14b_8k/devastator/common/01,4,63.978311877697706,False
qwen25_14b_8k,devastator,common,/opt/hbv/trainir-h20-experiments/20260927-v1/runs/qwen25_14b_8k/devastator/common/01,5,64.0539461709559,False
qwen25_14b_8k,devastator,common,/opt/hbv/trainir-h20-experiments/20260927-v1/runs/qwen25_14b_8k/devastator/common/01,6,63.96907107438892,True
qwen25_14b_8k,devastator,common,/opt/hbv/trainir-h20-experiments/20260927-v1/runs/qwen25_14b_8k/devastator/common/01,7,64.00230353977531,True
qwen25_14b_8k,devastator,common,/opt/hbv/trainir-h20-experiments/20260927-v1/runs/qwen25_14b_8k/devastator/common/01,8,63.944299473427236,True
qwen25_14b_8k,devastator,common,/opt/hbv/trainir-h20-experiments/20260927-v1/runs/qwen25_14b_8k/devastator/common/01,9,63.97885453607887,True
qwen25_14b_8k,devastator,common,/opt/hbv/trainir-h20-experiments/20260927-v1/runs/qwen25_14b_8k/devastator/common/01,10,64.24475026223809,True
qwen25_14b_8k,devastator,full,/opt/hbv/trainir-h20-experiments/20260927-v1/runs/qwen25_14b_8k/devastator/full/01,1,124.84140766784549,False
qwen25_14b_8k,devastator,full,/opt/hbv/trainir-h20-experiments/20260927-v1/runs/qwen25_14b_8k/devastator/full/01,2,69.71047774981707,False
qwen25_14b_8k,devastator,full,/opt/hbv/trainir-h20-experiments/20260927-v1/runs/qwen25_14b_8k/devastator/full/01,3,69.86199969239533,False
qwen25_14b_8k,devastator,full,/opt/hbv/trainir-h20-experiments/20260927-v1/runs/qwen25_14b_8k/devastator/full/01,4,69.804263709113,False
qwen25_14b_8k,devastator,full,/opt/hbv/trainir-h20-experiments/20260927-v1/runs/qwen25_14b_8k/devastator/full/01,5,69.92015559412539,False
qwen25_14b_8k,devastator,full,/opt/hbv/trainir-h20-experiments/20260927-v1/runs/qwen25_14b_8k/devastator/full/01,6,69.84765886422247,True
qwen25_14b_8k,devastator,full,/opt/hbv/trainir-h20-experiments/20260927-v1/runs/qwen25_14b_8k/devastator/full/01,7,69.74387619551271,True
qwen25_14b_8k,devastator,full,/opt/hbv/trainir-h20-experiments/20260927-v1/runs/qwen25_14b_8k/devastator/full/01,8,69.8904852643609,True
qwen25_14b_8k,devastator,full,/opt/hbv/trainir-h20-experiments/20260927-v1/runs/qwen25_14b_8k/devastator/full/01,9,69.96718902979046,True
qwen25_14b_8k,devastator,full,/opt/hbv/trainir-h20-experiments/20260927-v1/runs/qwen25_14b_8k/devastator/full/01,10,69.74213532637805,True
qwen25_14b_8k,galvatron,common,/opt/hbv/trainir-h20-experiments/20260927-v1/runs/qwen25_14b_8k/galvatron/common/01,1,69.46879282966256,False
qwen25_14b_8k,galvatron,common,/opt/hbv/trainir-h20-experiments/20260927-v1/runs/qwen25_14b_8k/galvatron/common/01,2,62.36544771306217,False
qwen25_14b_8k,galvatron,common,/opt/hbv/trainir-h20-experiments/20260927-v1/runs/qwen25_14b_8k/galvatron/common/01,3,62.39474570937455,False
qwen25_14b_8k,galvatron,common,/opt/hbv/trainir-h20-experiments/20260927-v1/runs/qwen25_14b_8k/galvatron/common/01,4,62.73255327809602,False
qwen25_14b_8k,galvatron,common,/opt/hbv/trainir-h20-experiments/20260927-v1/runs/qwen25_14b_8k/galvatron/common/01,5,62.34890852216631,False
qwen25_14b_8k,galvatron,common,/opt/hbv/trainir-h20-experiments/20260927-v1/runs/qwen25_14b_8k/galvatron/common/01,6,62.326892343349755,True
qwen25_14b_8k,galvatron,common,/opt/hbv/trainir-h20-experiments/20260927-v1/runs/qwen25_14b_8k/galvatron/common/01,7,62.3343869401142,True
qwen25_14b_8k,galvatron,common,/opt/hbv/trainir-h20-experiments/20260927-v1/runs/qwen25_14b_8k/galvatron/common/01,8,62.33501504920423,True
qwen25_14b_8k,galvatron,common,/opt/hbv/trainir-h20-experiments/20260927-v1/runs/qwen25_14b_8k/galvatron/common/01,9,62.338857209309936,True
qwen25_14b_8k,galvatron,common,/opt/hbv/trainir-h20-experiments/20260927-v1/runs/qwen25_14b_8k/galvatron/common/01,10,62.33813372440636,True
qwen25_14b_8k,galvatron,full,/opt/hbv/trainir-h20-experiments/20260927-v1/runs/qwen25_14b_8k/galvatron/full/01,1,77.52825454808772,False
qwen25_14b_8k,galvatron,full,/opt/hbv/trainir-h20-experiments/20260927-v1/runs/qwen25_14b_8k/galvatron/full/01,2,64.4921859903261,False
qwen25_14b_8k,galvatron,full,/opt/hbv/trainir-h20-experiments/20260927-v1/runs/qwen25_14b_8k/galvatron/full/01,3,65.40789101552218,False
qwen25_14b_8k,galvatron,full,/opt/hbv/trainir-h20-experiments/20260927-v1/runs/qwen25_14b_8k/galvatron/full/01,4,63.86779741290957,False
qwen25_14b_8k,galvatron,full,/opt/hbv/trainir-h20-experiments/20260927-v1/runs/qwen25_14b_8k/galvatron/full/01,5,71.16500004660338,False
qwen25_14b_8k,galvatron,full,/opt/hbv/trainir-h20-experiments/20260927-v1/runs/qwen25_14b_8k/galvatron/full/01,6,69.22893315646797,True
qwen25_14b_8k,galvatron,full,/opt/hbv/trainir-h20-experiments/20260927-v1/runs/qwen25_14b_8k/galvatron/full/01,7,63.530480227433145,True
qwen25_14b_8k,galvatron,full,/opt/hbv/trainir-h20-experiments/20260927-v1/runs/qwen25_14b_8k/galvatron/full/01,8,73.30482064466923,True
qwen25_14b_8k,galvatron,full,/opt/hbv/trainir-h20-experiments/20260927-v1/runs/qwen25_14b_8k/galvatron/full/01,9,68.58721963036805,True
qwen25_14b_8k,galvatron,full,/opt/hbv/trainir-h20-experiments/20260927-v1/runs/qwen25_14b_8k/galvatron/full/01,10,63.3033242886886,True
qwen3_14b_4k,devastator,common,/opt/hbv/trainir-h20-experiments/20260927-v1/runs/qwen3_14b_4k/devastator/common/01,1,170.69399027246982,False
qwen3_14b_4k,devastator,common,/opt/hbv/trainir-h20-experiments/20260927-v1/runs/qwen3_14b_4k/devastator/common/01,2,67.24285911209881,False
qwen3_14b_4k,devastator,common,/opt/hbv/trainir-h20-experiments/20260927-v1/runs/qwen3_14b_4k/devastator/common/01,3,67.2109539853409,False
qwen3_14b_4k,devastator,common,/opt/hbv/trainir-h20-experiments/20260927-v1/runs/qwen3_14b_4k/devastator/common/01,4,67.24253015127033,False
qwen3_14b_4k,devastator,common,/opt/hbv/trainir-h20-experiments/20260927-v1/runs/qwen3_14b_4k/devastator/common/01,5,67.23400379810482,False
qwen3_14b_4k,devastator,common,/opt/hbv/trainir-h20-experiments/20260927-v1/runs/qwen3_14b_4k/devastator/common/01,6,67.20453776977956,True
qwen3_14b_4k,devastator,common,/opt/hbv/trainir-h20-experiments/20260927-v1/runs/qwen3_14b_4k/devastator/common/01,7,67.29221912007779,True
qwen3_14b_4k,devastator,common,/opt/hbv/trainir-h20-experiments/20260927-v1/runs/qwen3_14b_4k/devastator/common/01,8,67.27380280662328,True
qwen3_14b_4k,devastator,common,/opt/hbv/trainir-h20-experiments/20260927-v1/runs/qwen3_14b_4k/devastator/common/01,9,67.28810861613601,True
qwen3_14b_4k,devastator,common,/opt/hbv/trainir-h20-experiments/20260927-v1/runs/qwen3_14b_4k/devastator/common/01,10,67.28909102920443,True
qwen3_14b_4k,galvatron,common,/opt/hbv/trainir-h20-experiments/20260927-v1/runs/qwen3_14b_4k/galvatron/common/01,1,66.78299609012902,False
qwen3_14b_4k,galvatron,common,/opt/hbv/trainir-h20-experiments/20260927-v1/runs/qwen3_14b_4k/galvatron/common/01,2,58.77237594220787,False
qwen3_14b_4k,galvatron,common,/opt/hbv/trainir-h20-experiments/20260927-v1/runs/qwen3_14b_4k/galvatron/common/01,3,58.11693358980119,False
qwen3_14b_4k,galvatron,common,/opt/hbv/trainir-h20-experiments/20260927-v1/runs/qwen3_14b_4k/galvatron/common/01,4,58.22641072329134,False
qwen3_14b_4k,galvatron,common,/opt/hbv/trainir-h20-experiments/20260927-v1/runs/qwen3_14b_4k/galvatron/common/01,5,58.128226400353014,False
qwen3_14b_4k,galvatron,common,/opt/hbv/trainir-h20-experiments/20260927-v1/runs/qwen3_14b_4k/galvatron/common/01,6,58.21900181565434,True
qwen3_14b_4k,galvatron,common,/opt/hbv/trainir-h20-experiments/20260927-v1/runs/qwen3_14b_4k/galvatron/common/01,7,58.11686843633652,True
qwen3_14b_4k,galvatron,common,/opt/hbv/trainir-h20-experiments/20260927-v1/runs/qwen3_14b_4k/galvatron/common/01,8,58.144027646631,True
qwen3_14b_4k,galvatron,common,/opt/hbv/trainir-h20-experiments/20260927-v1/runs/qwen3_14b_4k/galvatron/common/01,9,58.22140936460346,True
qwen3_14b_4k,galvatron,common,/opt/hbv/trainir-h20-experiments/20260927-v1/runs/qwen3_14b_4k/galvatron/common/01,10,58.10245740972459,True
qwen3_14b_4k,galvatron,full,/opt/hbv/trainir-h20-experiments/20260927-v1/runs/qwen3_14b_4k/galvatron/full/01,1,65.08230269141495,False
qwen3_14b_4k,galvatron,full,/opt/hbv/trainir-h20-experiments/20260927-v1/runs/qwen3_14b_4k/galvatron/full/01,2,54.93560793623328,False
qwen3_14b_4k,galvatron,full,/opt/hbv/trainir-h20-experiments/20260927-v1/runs/qwen3_14b_4k/galvatron/full/01,3,55.16961318347603,False
qwen3_14b_4k,galvatron,full,/opt/hbv/trainir-h20-experiments/20260927-v1/runs/qwen3_14b_4k/galvatron/full/01,4,55.1678319638595,False
qwen3_14b_4k,galvatron,full,/opt/hbv/trainir-h20-experiments/20260927-v1/runs/qwen3_14b_4k/galvatron/full/01,5,55.173196986317635,False
qwen3_14b_4k,galvatron,full,/opt/hbv/trainir-h20-experiments/20260927-v1/runs/qwen3_14b_4k/galvatron/full/01,6,54.972459610551596,True
qwen3_14b_4k,galvatron,full,/opt/hbv/trainir-h20-experiments/20260927-v1/runs/qwen3_14b_4k/galvatron/full/01,7,55.36955444421619,True
qwen3_14b_4k,galvatron,full,/opt/hbv/trainir-h20-experiments/20260927-v1/runs/qwen3_14b_4k/galvatron/full/01,8,54.96460273768753,True
qwen3_14b_4k,galvatron,full,/opt/hbv/trainir-h20-experiments/20260927-v1/runs/qwen3_14b_4k/galvatron/full/01,9,55.22925674170256,True
qwen3_14b_4k,galvatron,full,/opt/hbv/trainir-h20-experiments/20260927-v1/runs/qwen3_14b_4k/galvatron/full/01,10,54.98117439355701,True
