case,space,devastator_iteration_s,galvatron_iteration_s,devastator_native_samples_per_second,devastator_synchronized_samples_per_second,galvatron_synchronized_samples_per_second,speedup,equal_by_reuse,devastator_evidence_id,galvatron_evidence_id,devastator_parallel,devastator_strategy,galvatron_selected_strategy
llama7b_2k,common,25.67906915601343,26.516551399044694,9.228609800000001,9.969208714095886,9.654347435587828,1.0326134190434682,False,llama7b_2k/devastator/common,llama7b_2k/galvatron/common,"[4, 1, 1, 1, 2, 2, 1, 4, 16]","{""ReCompute"": [null, null], ""DistributedOptimizer"": false, ""VirtualPipe"": null, ""Hybrid_MHA_MQA"": [false, 32]}","{""checkpoint"": ""0,0,0,0,0,0,0,0,0,0,0,0,0,0,0,0,0,0,0,0,0,0,0,0,0,0,0,0,0,0,0,0"", ""chunks"": 64, ""default_dp_type"": ""ddp"", ""dp_types_enc"": ""0,0,0,0,0,0,0,0,0,0,0,0,0,0,0,0,0,0,0,0,0,0,0,0,0,0,0,0,0,0,0,0"", ""embed_sdp"": 0, ""global_bsz"": 256, ""pipeline_type"": ""pipedream_flush"", ""pp_deg"": 2, ""pp_division"": ""16,16"", ""tp_consecutive_flags"": ""1,1,1,1,1,1,1,1,1,1,1,1,1,1,1,1,1,1,1,1,1,1,1,1,1,1,1,1,1,1,1,1"", ""tp_sizes_enc"": ""1,1,1,1,1,1,1,1,1,1,1,1,1,1,1,1,1,1,1,1,1,1,1,1,1,1,1,1,1,1,1,1"", ""use_sp"": ""0,0,0,0,0,0,0,0,0,0,0,0,0,0,0,0,0,0,0,0,0,0,0,0,0,0,0,0,0,0,0,0"", ""vsp"": 0, ""vtp"": 1, ""world_size"": 8}"
llama7b_2k,full,22.064122847281396,25.05044274982065,10.6816858,11.602545987072526,10.21938025434033,1.1353473203176627,False,llama7b_2k/devastator/full,llama7b_2k/galvatron/full,"[4, 1, 1, 1, 2, 2, 1, 8, 8]","{""ReCompute"": [null, null], ""DistributedOptimizer"": true, ""VirtualPipe"": null, ""Hybrid_MHA_MQA"": [true, 8]}","{""checkpoint"": ""0,0,0,0,0,0,0,0,0,0,0,0,0,0,0,0,0,0,0,0,0,0,0,0,0,0,0,0,0,0,0,0"", ""chunks"": 8, ""default_dp_type"": ""ddp"", ""dp_types_enc"": ""1,1,1,1,1,1,1,1,1,1,1,1,1,1,1,1,1,1,1,1,1,1,1,1,1,1,1,1,1,1,1,0"", ""embed_sdp"": 1, ""global_bsz"": 256, ""pipeline_type"": ""pipedream_flush"", ""pp_deg"": 1, ""pp_division"": ""32"", ""tp_consecutive_flags"": ""1,1,1,1,1,1,1,1,1,1,1,1,1,1,1,1,1,1,1,1,1,1,1,1,1,1,1,1,1,1,1,1"", ""tp_sizes_enc"": ""1,1,1,1,1,1,1,1,1,1,1,1,1,1,1,1,1,1,1,1,1,1,1,1,1,1,1,1,1,1,1,1"", ""use_sp"": ""0,0,0,0,0,0,0,0,0,0,0,0,0,0,0,0,0,0,0,0,0,0,0,0,0,0,0,0,0,0,0,0"", ""vsp"": 0, ""vtp"": 1, ""world_size"": 8}"
llama2_7b_4k,common,54.2905615599826,55.7239267680794,4.5433344,4.715368429504269,4.59407681489248,1.0264017384773807,False,llama2_7b_4k/devastator/common,llama2_7b_4k/galvatron/common,"[4, 1, 1, 1, 2, 2, 1, 2, 32]","{""ReCompute"": [null, null], ""DistributedOptimizer"": false, ""VirtualPipe"": null, ""Hybrid_MHA_MQA"": [false, 32]}","{""checkpoint"": ""0,0,0,0,0,0,0,0,0,0,0,0,0,0,0,0,0,0,0,0,0,0,0,0,0,0,0,0,0,0,0,0"", ""chunks"": 64, ""default_dp_type"": ""ddp"", ""dp_types_enc"": ""0,0,0,0,0,0,0,0,0,0,0,0,0,0,0,0,0,0,0,0,0,0,0,0,0,0,0,0,0,0,0,0"", ""embed_sdp"": 0, ""global_bsz"": 256, ""pipeline_type"": ""pipedream_flush"", ""pp_deg"": 1, ""pp_division"": ""32"", ""tp_consecutive_flags"": ""1,1,1,1,1,1,1,1,1,1,1,1,1,1,1,1,1,1,1,1,1,1,1,1,1,1,1,1,1,1,1,1"", ""tp_sizes_enc"": ""2,2,2,2,2,2,2,2,2,2,2,2,2,2,2,2,2,2,2,2,2,2,2,2,2,2,2,2,2,2,2,2"", ""use_sp"": ""0,0,0,0,0,0,0,0,0,0,0,0,0,0,0,0,0,0,0,0,0,0,0,0,0,0,0,0,0,0,0,0"", ""vsp"": 0, ""vtp"": 2, ""world_size"": 8}"
llama2_7b_4k,full,47.10260754264891,53.062438604421914,5.2196886000000005,5.434943272900669,4.824504993230116,1.1265286864719048,False,llama2_7b_4k/devastator/full,llama2_7b_4k/galvatron/full,"[4, 1, 1, 1, 2, 2, 1, 4, 16]","{""ReCompute"": [null, null], ""DistributedOptimizer"": true, ""VirtualPipe"": null, ""Hybrid_MHA_MQA"": [true, 8]}","{""checkpoint"": ""0,0,0,0,0,0,0,0,0,0,0,0,0,0,0,0,0,0,0,0,0,0,0,0,0,0,0,0,0,0,0,0"", ""chunks"": 16, ""default_dp_type"": ""ddp"", ""dp_types_enc"": ""1,1,1,1,1,1,1,1,1,1,1,1,1,1,1,1,1,1,1,1,1,1,1,1,1,1,1,1,1,1,1,0"", ""embed_sdp"": 1, ""global_bsz"": 256, ""pipeline_type"": ""pipedream_flush"", ""pp_deg"": 1, ""pp_division"": ""32"", ""tp_consecutive_flags"": ""1,1,1,1,1,1,1,1,1,1,1,1,1,1,1,1,1,1,1,1,1,1,1,1,1,1,1,1,1,1,1,1"", ""tp_sizes_enc"": ""1,1,1,1,1,1,1,1,1,1,1,1,1,1,1,1,1,1,1,1,1,1,1,1,1,1,1,1,1,1,1,1"", ""use_sp"": ""0,0,0,0,0,0,0,0,0,0,0,0,0,0,0,0,0,0,0,0,0,0,0,0,0,0,0,0,0,0,0,0"", ""vsp"": 0, ""vtp"": 1, ""world_size"": 8}"
llama2_13b_4k,common,201.2106111424044,204.2979553198442,2.5199708,2.5445974101119258,2.506143535300804,1.0153438437461668,False,llama2_13b_4k/devastator/common,llama2_13b_4k/galvatron/common,"[1, 4, 1, 1, 2, 2, 1, 2, 256]","{""ReCompute"": [null, null], ""DistributedOptimizer"": false, ""VirtualPipe"": null, ""Hybrid_MHA_MQA"": [false, 40]}","{""checkpoint"": ""0,0,0,0,0,0,0,0,0,0,0,0,0,0,0,0,0,0,0,0,0,0,0,0,0,0,0,0,0,0,0,0,0,0,0,0,0,0,0,0"", ""chunks"": 256, ""default_dp_type"": ""ddp"", ""dp_types_enc"": ""0,0,0,0,0,0,0,0,0,0,0,0,0,0,0,0,0,0,0,0,0,0,0,0,0,0,0,0,0,0,0,0,0,0,0,0,0,0,0,0"", ""embed_sdp"": 0, ""global_bsz"": 512, ""pipeline_type"": ""pipedream_flush"", ""pp_deg"": 2, ""pp_division"": ""20,20"", ""tp_consecutive_flags"": ""1,1,1,1,1,1,1,1,1,1,1,1,1,1,1,1,1,1,1,1,1,1,1,1,1,1,1,1,1,1,1,1,1,1,1,1,1,1,1,1"", ""tp_sizes_enc"": ""2,2,2,2,2,2,2,2,2,2,2,2,2,2,2,2,2,2,2,2,2,2,2,2,2,2,2,2,2,2,2,2,2,2,2,2,2,2,2,2"", ""use_sp"": ""0,0,0,0,0,0,0,0,0,0,0,0,0,0,0,0,0,0,0,0,0,0,0,0,0,0,0,0,0,0,0,0,0,0,0,0,0,0,0,0"", ""vsp"": 0, ""vtp"": 2, ""world_size"": 8}"
llama2_13b_4k,full,177.1413581032306,205.02307811081408,2.8576842,2.8903470396880877,2.497279841458951,1.1573981384479122,False,llama2_13b_4k/devastator/full,llama2_13b_4k/galvatron/full,"[4, 1, 1, 1, 2, 2, 1, 2, 64]","{""ReCompute"": [null, null], ""DistributedOptimizer"": true, ""VirtualPipe"": null, ""Hybrid_MHA_MQA"": [true, 8]}","{""checkpoint"": ""0,0,0,0,0,0,0,0,0,0,0,0,0,0,0,0,0,0,0,0,0,0,0,0,0,0,0,0,0,0,0,0,0,0,0,0,0,0,0,0"", ""chunks"": 256, ""default_dp_type"": ""ddp"", ""dp_types_enc"": ""0,0,0,0,0,0,0,0,0,0,0,0,0,0,0,0,0,0,0,0,0,0,0,0,0,0,0,0,0,0,0,0,0,0,0,0,0,0,0,0"", ""embed_sdp"": 1, ""global_bsz"": 512, ""pipeline_type"": ""pipedream_flush"", ""pp_deg"": 2, ""pp_division"": ""20,20"", ""tp_consecutive_flags"": ""1,1,1,1,1,1,1,1,1,1,1,1,1,1,1,1,1,1,1,1,1,1,1,1,1,1,1,1,1,1,1,1,1,1,1,1,1,1,1,1"", ""tp_sizes_enc"": ""2,2,2,2,2,2,2,2,2,2,2,2,2,2,2,2,2,2,2,2,2,2,2,2,2,2,2,2,2,2,2,2,2,2,2,2,2,2,2,2"", ""use_sp"": ""1,0,0,0,0,0,0,0,0,0,0,0,0,0,0,0,0,0,0,0,1,1,1,1,0,0,0,0,0,0,0,0,0,0,0,0,0,0,0,0"", ""vsp"": 1, ""vtp"": 2, ""world_size"": 8}"
llama3_8b_8k,common,33.65453603155911,33.65453603155911,,1.901675302847284,1.901675302847284,1.0,True,llama3_8b_8k/devastator/common,llama3_8b_8k/devastator/common,"[2, 1, 1, 1, 4, 4, 1, 2, 16]","{""ReCompute"": [null, null], ""DistributedOptimizer"": false, ""VirtualPipe"": null, ""Hybrid_MHA_MQA"": [true, 8]}","{""checkpoint"": ""0,0,0,0,0,0,0,0,0,0,0,0,0,0,0,0,0,0,0,0,0,0,0,0,0,0,0,0,0,0,0,0"", ""chunks"": 16, ""default_dp_type"": ""ddp"", ""dp_types_enc"": ""0,0,0,0,0,0,0,0,0,0,0,0,0,0,0,0,0,0,0,0,0,0,0,0,0,0,0,0,0,0,0,0"", ""embed_sdp"": 0, ""global_bsz"": 64, ""pipeline_type"": ""pipedream_flush"", ""pp_deg"": 1, ""pp_division"": ""32"", ""tp_consecutive_flags"": ""1,1,1,1,1,1,1,1,1,1,1,1,1,1,1,1,1,1,1,1,1,1,1,1,1,1,1,1,1,1,1,1"", ""tp_sizes_enc"": ""4,4,4,4,4,4,4,4,4,4,4,4,4,4,4,4,4,4,4,4,4,4,4,4,4,4,4,4,4,4,4,4"", ""use_sp"": ""0,0,0,0,0,0,0,0,0,0,0,0,0,0,0,0,0,0,0,0,0,0,0,0,0,0,0,0,0,0,0,0"", ""vsp"": 0, ""vtp"": 4, ""world_size"": 8}"
llama3_8b_8k,full,32.791448493674395,32.88683075197041,1.8474668,1.9517283602871602,1.9460677279207104,1.0029087540403838,False,llama3_8b_8k/devastator/full,llama3_8b_8k/galvatron/full,"[4, 1, 1, 1, 2, 2, 1, 1, 16]","{""ReCompute"": [null, null], ""DistributedOptimizer"": true, ""VirtualPipe"": null, ""Hybrid_MHA_MQA"": [true, 8]}","{""checkpoint"": ""0,0,0,0,0,0,0,0,0,0,0,0,0,0,0,0,0,0,0,0,0,0,0,0,0,0,0,0,0,0,0,0"", ""chunks"": 16, ""default_dp_type"": ""ddp"", ""dp_types_enc"": ""1,1,1,1,1,1,1,1,1,1,1,1,1,0,0,0,0,0,0,0,0,0,0,0,0,0,0,0,0,0,0,0"", ""embed_sdp"": 1, ""global_bsz"": 64, ""pipeline_type"": ""pipedream_flush"", ""pp_deg"": 1, ""pp_division"": ""32"", ""tp_consecutive_flags"": ""1,1,1,1,1,1,1,1,1,1,1,1,1,1,1,1,1,1,1,1,1,1,1,1,1,1,1,1,1,1,1,1"", ""tp_sizes_enc"": ""2,2,2,2,2,2,2,2,2,2,2,2,2,2,2,2,2,2,2,2,2,2,2,2,2,2,2,2,2,2,2,2"", ""use_sp"": ""0,0,0,0,0,0,0,0,0,0,0,0,0,0,0,0,0,0,0,0,0,0,0,0,0,0,0,0,0,0,0,0"", ""vsp"": 0, ""vtp"": 2, ""world_size"": 8}"
qwen2_1p5b_32k,common,56.462342873960736,56.462342873960736,,1.133498837320041,1.133498837320041,1.0,True,qwen2_1p5b_32k/devastator/common,qwen2_1p5b_32k/devastator/common,"[2, 2, 1, 1, 2, 2, 1, 1, 32]","{""ReCompute"": [null, null], ""DistributedOptimizer"": false, ""VirtualPipe"": null, ""Hybrid_MHA_MQA"": [true, 2]}","{""checkpoint"": ""0,0,0,0,0,0,0,0,0,0,0,0,0,0,0,0,0,0,0,0,0,0,0,0,0,0,0,0"", ""chunks"": 32, ""default_dp_type"": ""ddp"", ""dp_types_enc"": ""0,0,0,0,0,0,0,0,0,0,0,0,0,0,0,0,0,0,0,0,0,0,0,0,0,0,0,0"", ""embed_sdp"": 0, ""global_bsz"": 64, ""pipeline_type"": ""pipedream_flush"", ""pp_deg"": 2, ""pp_division"": ""14,14"", ""tp_consecutive_flags"": ""1,1,1,1,1,1,1,1,1,1,1,1,1,1,1,1,1,1,1,1,1,1,1,1,1,1,1,1"", ""tp_sizes_enc"": ""2,2,2,2,2,2,2,2,2,2,2,2,2,2,2,2,2,2,2,2,2,2,2,2,2,2,2,2"", ""use_sp"": ""0,0,0,0,0,0,0,0,0,0,0,0,0,0,0,0,0,0,0,0,0,0,0,0,0,0,0,0"", ""vsp"": 0, ""vtp"": 2, ""world_size"": 8}"
qwen2_1p5b_32k,full,55.766935465484856,57.34203636310995,1.11135,1.1476334402418569,1.116109647636674,1.0282443509667112,False,qwen2_1p5b_32k/devastator/full,qwen2_1p5b_32k/galvatron/full,"[4, 1, 1, 1, 2, 2, 1, 1, 16]","{""ReCompute"": [null, null], ""DistributedOptimizer"": true, ""VirtualPipe"": null, ""Hybrid_MHA_MQA"": [true, 2]}","{""checkpoint"": ""0,0,0,0,0,0,0,0,0,0,0,0,0,0,0,0,0,0,0,0,0,0,0,0,0,0,0,0"", ""chunks"": 16, ""default_dp_type"": ""ddp"", ""dp_types_enc"": ""1,1,1,1,1,1,1,1,1,1,1,1,1,1,1,1,1,1,1,0,1,0,0,0,0,0,0,0"", ""embed_sdp"": 1, ""global_bsz"": 64, ""pipeline_type"": ""pipedream_flush"", ""pp_deg"": 1, ""pp_division"": ""28"", ""tp_consecutive_flags"": ""1,1,1,1,1,1,1,1,1,1,1,1,1,1,1,1,1,1,1,1,1,1,1,1,1,1,1,1"", ""tp_sizes_enc"": ""2,2,2,2,2,2,2,2,2,2,2,2,2,2,2,2,2,2,2,2,2,2,2,2,2,2,2,2"", ""use_sp"": ""1,1,1,1,1,1,1,1,1,1,1,1,1,1,1,1,1,1,1,0,1,1,1,1,1,1,1,1"", ""vsp"": 1, ""vtp"": 2, ""world_size"": 8}"
qwen2_7b_32k,common,169.360142641142,169.360142641142,,0.3778929268830973,0.3778929268830973,1.0,True,qwen2_7b_32k/devastator/common,qwen2_7b_32k/devastator/common,"[1, 2, 1, 1, 4, 4, 1, 1, 64]","{""ReCompute"": [null, null], ""DistributedOptimizer"": false, ""VirtualPipe"": null, ""Hybrid_MHA_MQA"": [true, 4]}","{""checkpoint"": ""0,0,0,0,0,0,0,0,0,0,0,0,0,0,0,0,0,0,0,0,0,0,0,0,0,0,0,0"", ""chunks"": 64, ""default_dp_type"": ""ddp"", ""dp_types_enc"": ""0,0,0,0,0,0,0,0,0,0,0,0,0,0,0,0,0,0,0,0,0,0,0,0,0,0,0,0"", ""embed_sdp"": 0, ""global_bsz"": 64, ""pipeline_type"": ""pipedream_flush"", ""pp_deg"": 2, ""pp_division"": ""14,14"", ""tp_consecutive_flags"": ""1,1,1,1,1,1,1,1,1,1,1,1,1,1,1,1,1,1,1,1,1,1,1,1,1,1,1,1"", ""tp_sizes_enc"": ""4,4,4,4,4,4,4,4,4,4,4,4,4,4,4,4,4,4,4,4,4,4,4,4,4,4,4,4"", ""use_sp"": ""0,0,0,0,0,0,0,0,0,0,0,0,0,0,0,0,0,0,0,0,0,0,0,0,0,0,0,0"", ""vsp"": 0, ""vtp"": 4, ""world_size"": 8}"
qwen2_7b_32k,full,168.10166017543526,173.82577414754778,0.3763644,0.3807219984217166,0.3681847546134048,1.0340515017290055,False,qwen2_7b_32k/devastator/full,qwen2_7b_32k/galvatron/full,"[1, 2, 1, 2, 2, 2, 1, 1, 64]","{""ReCompute"": [null, null], ""DistributedOptimizer"": false, ""VirtualPipe"": null, ""Hybrid_MHA_MQA"": [true, 4]}","{""checkpoint"": ""0,0,0,0,0,0,0,0,0,0,0,0,0,0,0,0,0,0,0,0,0,0,0,0,0,0,0,0"", ""chunks"": 32, ""default_dp_type"": ""ddp"", ""dp_types_enc"": ""1,1,1,1,1,1,1,1,1,1,1,1,1,1,1,1,1,1,1,1,1,1,1,0,0,0,0,0"", ""embed_sdp"": 1, ""global_bsz"": 64, ""pipeline_type"": ""pipedream_flush"", ""pp_deg"": 1, ""pp_division"": ""28"", ""tp_consecutive_flags"": ""1,1,1,1,1,1,1,1,1,1,1,1,1,1,1,1,1,1,1,1,1,1,1,1,1,1,1,1"", ""tp_sizes_enc"": ""4,4,4,4,4,4,4,4,4,4,4,4,4,4,4,4,4,4,4,4,4,4,4,4,4,4,4,4"", ""use_sp"": ""0,0,0,0,0,0,0,0,0,0,0,0,0,0,0,0,0,0,0,0,0,0,0,0,0,0,0,0"", ""vsp"": 1, ""vtp"": 4, ""world_size"": 8}"
qwen25_14b_8k,common,61.409741680882874,62.3346570532769,1.010111,1.0421799253378636,1.0267161644171676,1.0150613786522726,False,qwen25_14b_8k/devastator/common,qwen25_14b_8k/galvatron/common,"[1, 2, 1, 1, 4, 4, 1, 2, 32]","{""ReCompute"": [null, null], ""DistributedOptimizer"": false, ""VirtualPipe"": null, ""Hybrid_MHA_MQA"": [true, 8]}","{""checkpoint"": ""0,0,0,0,0,0,0,0,0,0,0,0,0,0,0,0,0,0,0,0,0,0,0,0,0,0,0,0,0,0,0,0,0,0,0,0,0,0,0,0,0,0,0,0,0,0,0,0"", ""chunks"": 64, ""default_dp_type"": ""ddp"", ""dp_types_enc"": ""0,0,0,0,0,0,0,0,0,0,0,0,0,0,0,0,0,0,0,0,0,0,0,0,0,0,0,0,0,0,0,0,0,0,0,0,0,0,0,0,0,0,0,0,0,0,0,0"", ""embed_sdp"": 0, ""global_bsz"": 64, ""pipeline_type"": ""pipedream_flush"", ""pp_deg"": 2, ""pp_division"": ""24,24"", ""tp_consecutive_flags"": ""1,1,1,1,1,1,1,1,1,1,1,1,1,1,1,1,1,1,1,1,1,1,1,1,1,1,1,1,1,1,1,1,1,1,1,1,1,1,1,1,1,1,1,1,1,1,1,1"", ""tp_sizes_enc"": ""4,4,4,4,4,4,4,4,4,4,4,4,4,4,4,4,4,4,4,4,4,4,4,4,4,4,4,4,4,4,4,4,4,4,4,4,4,4,4,4,4,4,4,4,4,4,4,4"", ""use_sp"": ""0,0,0,0,0,0,0,0,0,0,0,0,0,0,0,0,0,0,0,0,0,0,0,0,0,0,0,0,0,0,0,0,0,0,0,0,0,0,0,0,0,0,0,0,0,0,0,0"", ""vsp"": 0, ""vtp"": 4, ""world_size"": 8}"
qwen25_14b_8k,full,60.08490251451731,67.59095558952541,1.0302078,1.0651594214459572,0.9468722470601985,1.124924111729973,False,qwen25_14b_8k/devastator/full,qwen25_14b_8k/galvatron/full,"[2, 2, 1, 1, 2, 2, 1, 1, 32]","{""ReCompute"": [null, null], ""DistributedOptimizer"": true, ""VirtualPipe"": null, ""Hybrid_MHA_MQA"": [true, 8]}","{""checkpoint"": ""0,0,0,0,0,0,0,0,0,0,0,0,0,0,0,0,0,0,0,0,0,0,0,0,0,0,0,0,0,0,0,0,0,0,0,0,0,0,0,0,0,0,0,0,0,0,0,0"", ""chunks"": 32, ""default_dp_type"": ""ddp"", ""dp_types_enc"": ""1,1,1,1,1,1,1,0,0,0,0,0,0,0,0,0,0,0,0,0,0,0,0,0,0,0,0,0,0,0,0,0,0,0,0,0,0,0,0,0,0,0,0,0,0,0,0,0"", ""embed_sdp"": 1, ""global_bsz"": 64, ""pipeline_type"": ""pipedream_flush"", ""pp_deg"": 1, ""pp_division"": ""48"", ""tp_consecutive_flags"": ""1,1,1,1,1,1,1,1,1,1,1,1,1,1,1,1,1,1,1,1,1,1,1,1,1,1,1,1,1,1,1,1,1,1,1,1,1,1,1,1,1,1,1,1,1,1,1,1"", ""tp_sizes_enc"": ""4,4,4,4,4,4,4,4,4,4,4,4,4,4,4,4,4,4,4,4,4,4,4,4,4,4,4,4,4,4,4,4,4,4,4,4,4,4,4,4,4,4,4,4,4,4,4,4"", ""use_sp"": ""0,0,0,0,0,0,0,0,0,0,0,0,0,0,0,0,0,0,0,0,0,0,0,0,0,0,0,0,0,0,0,0,0,0,0,0,0,0,0,0,0,0,0,0,0,0,0,0"", ""vsp"": 0, ""vtp"": 4, ""world_size"": 8}"
qwen3_14b_4k,common,54.139609378948805,58.16075293458998,2.2842726,2.364257915199707,2.2007968181559505,1.0742735974967104,False,qwen3_14b_4k/devastator/common,qwen3_14b_4k/galvatron/common,"[1, 2, 1, 1, 4, 4, 1, 4, 32]","{""ReCompute"": [null, null], ""DistributedOptimizer"": false, ""VirtualPipe"": null, ""Hybrid_MHA_MQA"": [true, 8]}","{""checkpoint"": ""0,0,0,0,0,0,0,0,0,0,0,0,0,0,0,0,0,0,0,0,0,0,0,0,0,0,0,0,0,0,0,0,0,0,0,0,0,0,0,0"", ""chunks"": 64, ""default_dp_type"": ""ddp"", ""dp_types_enc"": ""0,0,0,0,0,0,0,0,0,0,0,0,0,0,0,0,0,0,0,0,0,0,0,0,0,0,0,0,0,0,0,0,0,0,0,0,0,0,0,0"", ""embed_sdp"": 0, ""global_bsz"": 128, ""pipeline_type"": ""pipedream_flush"", ""pp_deg"": 1, ""pp_division"": ""40"", ""tp_consecutive_flags"": ""1,1,1,1,1,1,1,1,1,1,1,1,1,1,1,1,1,1,1,1,1,1,1,1,1,1,1,1,1,1,1,1,1,1,1,1,1,1,1,1"", ""tp_sizes_enc"": ""4,4,4,4,4,4,4,4,4,4,4,4,4,4,4,4,4,4,4,4,4,4,4,4,4,4,4,4,4,4,4,4,4,4,4,4,4,4,4,4"", ""use_sp"": ""0,0,0,0,0,0,0,0,0,0,0,0,0,0,0,0,0,0,0,0,0,0,0,0,0,0,0,0,0,0,0,0,0,0,0,0,0,0,0,0"", ""vsp"": 0, ""vtp"": 4, ""world_size"": 8}"
qwen3_14b_4k,full,56.153087445348504,55.10340958554298,2.2027,2.2794828534508835,2.322905260540943,0.9813068540384866,False,qwen3_14b_4k/devastator/full,qwen3_14b_4k/galvatron/full,"[2, 1, 1, 1, 4, 4, 1, 2, 32]","{""ReCompute"": [null, null], ""DistributedOptimizer"": true, ""VirtualPipe"": null, ""Hybrid_MHA_MQA"": [true, 8]}","{""checkpoint"": ""0,0,0,0,0,0,0,0,0,0,0,0,0,0,0,0,0,0,0,0,0,0,0,0,0,0,0,0,0,0,0,0,0,0,0,0,0,0,0,0"", ""chunks"": 64, ""default_dp_type"": ""ddp"", ""dp_types_enc"": ""1,1,1,1,0,0,0,0,0,0,0,0,0,0,0,0,0,0,0,0,0,0,0,0,0,0,0,0,0,0,0,0,0,0,0,0,0,0,0,0"", ""embed_sdp"": 1, ""global_bsz"": 128, ""pipeline_type"": ""pipedream_flush"", ""pp_deg"": 2, ""pp_division"": ""20,20"", ""tp_consecutive_flags"": ""1,1,1,1,1,1,1,1,1,1,1,1,1,1,1,1,1,1,1,1,1,1,1,1,1,1,1,1,1,1,1,1,1,1,1,1,1,1,1,1"", ""tp_sizes_enc"": ""2,2,2,2,2,2,2,2,2,2,2,2,2,2,2,2,2,2,2,2,2,2,2,2,2,2,2,2,2,2,2,2,2,2,2,2,2,2,2,2"", ""use_sp"": ""0,0,0,0,0,0,0,0,0,0,0,0,0,0,0,0,0,0,0,0,0,0,0,0,0,0,0,0,0,0,0,0,0,0,0,0,0,0,0,0"", ""vsp"": 1, ""vtp"": 2, ""world_size"": 8}"
