case,space,system,status,measurement_origin,evidence_id,original_evidence_path,iterations,independent_runs,measured_iterations,mean_iteration_s,synchronized_samples_per_second,native_samples_per_second,gbs,seq,peak_allocated_bytes,peak_reserved_bytes,timing_scope,search_e2e_seconds,parallel,strategy,predicted_seconds,reused_equal_common_config,search_e2e_minutes,search_timing_method,search_timing_evidence,search_timing_reused,selected_strategy,pp,chunks,kv_heads
llama7b_2k,common,devastator,completed,devastator,llama7b_2k/devastator/common,/opt/hbv/trainir-h20-experiments/20260928-aligned-rerun-v8/runs/llama7b_2k/devastator/common/01,10,1,"[6, 7, 8, 9, 10]",25.67906915601343,9.969208714095886,9.228609800000001,256,2048,86409140736,87560290304,"CUDA-synchronized native whole step including batch preparation, forward, backward, optimizer and zero_grad; max over ranks; excludes parameter evidence sampling and post-step logging/barrier.",45.03265844658017,"[4, 1, 1, 1, 2, 2, 1, 4, 16]","{""ReCompute"": [null, null], ""DistributedOptimizer"": false, ""VirtualPipe"": null, ""Hybrid_MHA_MQA"": [false, 32]}",77.38088911980489,False,0.7505443074430028,Linux process start ticks to pre-training boundary,search_timing_evidence/llama7b_2k/common/devastator.json,True,,,,
llama7b_2k,common,galvatron,completed,galvatron,llama7b_2k/galvatron/common,/opt/hbv/trainir-h20-experiments/20260927-v1/runs/llama7b_2k/galvatron/common/01/training_retries/02,10,1,"[6, 7, 8, 9, 10]",26.516551399044694,9.654347435587828,,256,2048,67465393664,98807316480,"CUDA-synchronized native whole step including batch preparation, forward, backward, optimizer and zero_grad; max over ranks; excludes parameter evidence sampling and post-step logging/barrier.",679.4876208305359,,,,,11.32479368050893,Reconstructed from original driver stdout log birth to selected-training stdout log birth,search_timing_evidence/llama7b_2k/common/galvatron.json,True,"{""checkpoint"": ""0,0,0,0,0,0,0,0,0,0,0,0,0,0,0,0,0,0,0,0,0,0,0,0,0,0,0,0,0,0,0,0"", ""chunks"": 64, ""default_dp_type"": ""ddp"", ""dp_types_enc"": ""0,0,0,0,0,0,0,0,0,0,0,0,0,0,0,0,0,0,0,0,0,0,0,0,0,0,0,0,0,0,0,0"", ""embed_sdp"": 0, ""global_bsz"": 256, ""pipeline_type"": ""pipedream_flush"", ""pp_deg"": 2, ""pp_division"": ""16,16"", ""tp_consecutive_flags"": ""1,1,1,1,1,1,1,1,1,1,1,1,1,1,1,1,1,1,1,1,1,1,1,1,1,1,1,1,1,1,1,1"", ""tp_sizes_enc"": ""1,1,1,1,1,1,1,1,1,1,1,1,1,1,1,1,1,1,1,1,1,1,1,1,1,1,1,1,1,1,1,1"", ""use_sp"": ""0,0,0,0,0,0,0,0,0,0,0,0,0,0,0,0,0,0,0,0,0,0,0,0,0,0,0,0,0,0,0,0"", ""vsp"": 0, ""vtp"": 1, ""world_size"": 8}",2,64,32
llama7b_2k,full,devastator,completed,devastator,llama7b_2k/devastator/full,/opt/hbv/trainir-h20-experiments/20260928-aligned-rerun-v8/runs/llama7b_2k/devastator/full/01,10,1,"[6, 7, 8, 9, 10]",22.064122847281396,11.602545987072526,10.6816858,256,2048,74762865152,78861303808,"CUDA-synchronized native whole step including batch preparation, forward, backward, optimizer and zero_grad; max over ranks; excludes parameter evidence sampling and post-step logging/barrier.",185.08296073880047,"[4, 1, 1, 1, 2, 2, 1, 8, 8]","{""ReCompute"": [null, null], ""DistributedOptimizer"": true, ""VirtualPipe"": null, ""Hybrid_MHA_MQA"": [true, 8]}",70.57932998674015,False,3.0847160123133412,Linux process start ticks to pre-training boundary,search_timing_evidence/llama7b_2k/full/devastator.json,True,,,,
llama7b_2k,full,galvatron,completed,galvatron,llama7b_2k/galvatron/full,/opt/hbv/trainir-h20-experiments/20260927-v1/runs/llama7b_2k/galvatron/full/01,10,1,"[6, 7, 8, 9, 10]",25.05044274982065,10.21938025434033,,256,2048,71324798976,86786441216,"CUDA-synchronized native whole step including batch preparation, forward, backward, optimizer and zero_grad; max over ranks; excludes parameter evidence sampling and post-step logging/barrier.",1376.7221306432039,,,,,22.945368844053398,Linux process start ticks to pre-training boundary,search_timing_evidence/llama7b_2k/full/galvatron.json,True,"{""checkpoint"": ""0,0,0,0,0,0,0,0,0,0,0,0,0,0,0,0,0,0,0,0,0,0,0,0,0,0,0,0,0,0,0,0"", ""chunks"": 8, ""default_dp_type"": ""ddp"", ""dp_types_enc"": ""1,1,1,1,1,1,1,1,1,1,1,1,1,1,1,1,1,1,1,1,1,1,1,1,1,1,1,1,1,1,1,0"", ""embed_sdp"": 1, ""global_bsz"": 256, ""pipeline_type"": ""pipedream_flush"", ""pp_deg"": 1, ""pp_division"": ""32"", ""tp_consecutive_flags"": ""1,1,1,1,1,1,1,1,1,1,1,1,1,1,1,1,1,1,1,1,1,1,1,1,1,1,1,1,1,1,1,1"", ""tp_sizes_enc"": ""1,1,1,1,1,1,1,1,1,1,1,1,1,1,1,1,1,1,1,1,1,1,1,1,1,1,1,1,1,1,1,1"", ""use_sp"": ""0,0,0,0,0,0,0,0,0,0,0,0,0,0,0,0,0,0,0,0,0,0,0,0,0,0,0,0,0,0,0,0"", ""vsp"": 0, ""vtp"": 1, ""world_size"": 8}",1,8,32
llama2_7b_4k,common,devastator,completed,devastator,llama2_7b_4k/devastator/common,/opt/hbv/trainir-h20-experiments/20260928-aligned-rerun-v8/runs/llama2_7b_4k/devastator/common/01,10,1,"[6, 7, 8, 9, 10]",54.2905615599826,4.715368429504269,4.5433344,256,4096,86477306368,87625302016,"CUDA-synchronized native whole step including batch preparation, forward, backward, optimizer and zero_grad; max over ranks; excludes parameter evidence sampling and post-step logging/barrier.",50.153895761817694,"[4, 1, 1, 1, 2, 2, 1, 2, 32]","{""ReCompute"": [null, null], ""DistributedOptimizer"": false, ""VirtualPipe"": null, ""Hybrid_MHA_MQA"": [false, 32]}",157.38120222032268,False,0.8358982626969615,Linux process start ticks to pre-training boundary,search_timing_evidence/llama2_7b_4k/common/devastator.json,True,,,,
llama2_7b_4k,common,galvatron,completed,galvatron,llama2_7b_4k/galvatron/common,/opt/hbv/trainir-h20-experiments/20260927-v1/runs/llama2_7b_4k/galvatron/common/01,10,1,"[6, 7, 8, 9, 10]",55.7239267680794,4.59407681489248,,256,4096,67514799616,95418318848,"CUDA-synchronized native whole step including batch preparation, forward, backward, optimizer and zero_grad; max over ranks; excludes parameter evidence sampling and post-step logging/barrier.",749.9199869632721,,,,,12.498666449387867,Reconstructed from original driver stdout log birth to selected-training stdout log birth,search_timing_evidence/llama2_7b_4k/common/galvatron.json,True,"{""checkpoint"": ""0,0,0,0,0,0,0,0,0,0,0,0,0,0,0,0,0,0,0,0,0,0,0,0,0,0,0,0,0,0,0,0"", ""chunks"": 64, ""default_dp_type"": ""ddp"", ""dp_types_enc"": ""0,0,0,0,0,0,0,0,0,0,0,0,0,0,0,0,0,0,0,0,0,0,0,0,0,0,0,0,0,0,0,0"", ""embed_sdp"": 0, ""global_bsz"": 256, ""pipeline_type"": ""pipedream_flush"", ""pp_deg"": 1, ""pp_division"": ""32"", ""tp_consecutive_flags"": ""1,1,1,1,1,1,1,1,1,1,1,1,1,1,1,1,1,1,1,1,1,1,1,1,1,1,1,1,1,1,1,1"", ""tp_sizes_enc"": ""2,2,2,2,2,2,2,2,2,2,2,2,2,2,2,2,2,2,2,2,2,2,2,2,2,2,2,2,2,2,2,2"", ""use_sp"": ""0,0,0,0,0,0,0,0,0,0,0,0,0,0,0,0,0,0,0,0,0,0,0,0,0,0,0,0,0,0,0,0"", ""vsp"": 0, ""vtp"": 2, ""world_size"": 8}",1,64,32
llama2_7b_4k,full,devastator,completed,devastator,llama2_7b_4k/devastator/full,/opt/hbv/trainir-h20-experiments/20260928-aligned-rerun-v8/runs/llama2_7b_4k/devastator/full/01,10,1,"[6, 7, 8, 9, 10]",47.10260754264891,5.434943272900669,5.2196886000000005,256,4096,74831026688,78928412672,"CUDA-synchronized native whole step including batch preparation, forward, backward, optimizer and zero_grad; max over ranks; excludes parameter evidence sampling and post-step logging/barrier.",246.38094685040414,"[4, 1, 1, 1, 2, 2, 1, 4, 16]","{""ReCompute"": [null, null], ""DistributedOptimizer"": true, ""VirtualPipe"": null, ""Hybrid_MHA_MQA"": [true, 8]}",143.63194931063848,False,4.106349114173402,Linux process start ticks to pre-training boundary,search_timing_evidence/llama2_7b_4k/full/devastator.json,True,,,,
llama2_7b_4k,full,galvatron,completed,galvatron,llama2_7b_4k/galvatron/full,/opt/hbv/trainir-h20-experiments/20260927-v1/runs/llama2_7b_4k/galvatron/full/01,10,1,"[6, 7, 8, 9, 10]",53.062438604421914,4.824504993230116,,256,4096,71404232704,86843064320,"CUDA-synchronized native whole step including batch preparation, forward, backward, optimizer and zero_grad; max over ranks; excludes parameter evidence sampling and post-step logging/barrier.",1426.4308670731261,,,,,23.773847784552103,Linux process start ticks to pre-training boundary,search_timing_evidence/llama2_7b_4k/full/galvatron.json,True,"{""checkpoint"": ""0,0,0,0,0,0,0,0,0,0,0,0,0,0,0,0,0,0,0,0,0,0,0,0,0,0,0,0,0,0,0,0"", ""chunks"": 16, ""default_dp_type"": ""ddp"", ""dp_types_enc"": ""1,1,1,1,1,1,1,1,1,1,1,1,1,1,1,1,1,1,1,1,1,1,1,1,1,1,1,1,1,1,1,0"", ""embed_sdp"": 1, ""global_bsz"": 256, ""pipeline_type"": ""pipedream_flush"", ""pp_deg"": 1, ""pp_division"": ""32"", ""tp_consecutive_flags"": ""1,1,1,1,1,1,1,1,1,1,1,1,1,1,1,1,1,1,1,1,1,1,1,1,1,1,1,1,1,1,1,1"", ""tp_sizes_enc"": ""1,1,1,1,1,1,1,1,1,1,1,1,1,1,1,1,1,1,1,1,1,1,1,1,1,1,1,1,1,1,1,1"", ""use_sp"": ""0,0,0,0,0,0,0,0,0,0,0,0,0,0,0,0,0,0,0,0,0,0,0,0,0,0,0,0,0,0,0,0"", ""vsp"": 0, ""vtp"": 1, ""world_size"": 8}",1,16,32
llama2_13b_4k,common,devastator,completed,devastator_diagnostic,llama2_13b_4k/devastator/common,/opt/hbv/trainir-h20-experiments/20260928-ranking-ablation-v10/validation/llama2_13b_4k/3f0a847474a0/01,10,1,"[6, 7, 8, 9, 10]",201.2106111424044,2.5445974101119258,2.5199708,512,4096,68377708544,74283220992,"CUDA-synchronized native whole step including batch preparation, forward, backward, optimizer and zero_grad; max over ranks; excludes parameter evidence sampling and post-step logging/barrier.",40.695765947923064,"[1, 4, 1, 1, 2, 2, 1, 2, 256]","{""ReCompute"": [null, null], ""DistributedOptimizer"": false, ""VirtualPipe"": null, ""Hybrid_MHA_MQA"": [false, 40]}",554.9368714948264,False,0.6782627657987177,Linux process start ticks to pre-training boundary,search_timing_evidence/llama2_13b_4k/common/devastator.json,True,,,,
llama2_13b_4k,common,galvatron,completed,galvatron,llama2_13b_4k/galvatron/common,/opt/hbv/trainir-h20-experiments/20260927-v1/runs/llama2_13b_4k/galvatron/common/01,10,1,"[6, 7, 8, 9, 10]",204.2979553198442,2.506143535300804,,512,4096,65341545984,98954117120,"CUDA-synchronized native whole step including batch preparation, forward, backward, optimizer and zero_grad; max over ranks; excludes parameter evidence sampling and post-step logging/barrier.",766.2029605871066,,,,,12.770049343118444,Linux process start ticks to pre-training boundary,search_timing_evidence/llama2_13b_4k/common/galvatron.json,True,"{""checkpoint"": ""0,0,0,0,0,0,0,0,0,0,0,0,0,0,0,0,0,0,0,0,0,0,0,0,0,0,0,0,0,0,0,0,0,0,0,0,0,0,0,0"", ""chunks"": 256, ""default_dp_type"": ""ddp"", ""dp_types_enc"": ""0,0,0,0,0,0,0,0,0,0,0,0,0,0,0,0,0,0,0,0,0,0,0,0,0,0,0,0,0,0,0,0,0,0,0,0,0,0,0,0"", ""embed_sdp"": 0, ""global_bsz"": 512, ""pipeline_type"": ""pipedream_flush"", ""pp_deg"": 2, ""pp_division"": ""20,20"", ""tp_consecutive_flags"": ""1,1,1,1,1,1,1,1,1,1,1,1,1,1,1,1,1,1,1,1,1,1,1,1,1,1,1,1,1,1,1,1,1,1,1,1,1,1,1,1"", ""tp_sizes_enc"": ""2,2,2,2,2,2,2,2,2,2,2,2,2,2,2,2,2,2,2,2,2,2,2,2,2,2,2,2,2,2,2,2,2,2,2,2,2,2,2,2"", ""use_sp"": ""0,0,0,0,0,0,0,0,0,0,0,0,0,0,0,0,0,0,0,0,0,0,0,0,0,0,0,0,0,0,0,0,0,0,0,0,0,0,0,0"", ""vsp"": 0, ""vtp"": 2, ""world_size"": 8}",2,256,40
llama2_13b_4k,full,devastator,completed,devastator,llama2_13b_4k/devastator/full,/opt/hbv/trainir-h20-experiments/20260928-aligned-rerun-v8/runs/llama2_13b_4k/devastator/full/01,10,1,"[6, 7, 8, 9, 10]",177.1413581032306,2.8903470396880877,2.8576842,512,4096,87898371584,92880764928,"CUDA-synchronized native whole step including batch preparation, forward, backward, optimizer and zero_grad; max over ranks; excludes parameter evidence sampling and post-step logging/barrier.",239.57032284047455,"[4, 1, 1, 1, 2, 2, 1, 2, 64]","{""ReCompute"": [null, null], ""DistributedOptimizer"": true, ""VirtualPipe"": null, ""Hybrid_MHA_MQA"": [true, 8]}",484.0477427601506,False,3.992838714007909,Linux process start ticks to pre-training boundary,search_timing_evidence/llama2_13b_4k/full/devastator.json,True,,,,
llama2_13b_4k,full,galvatron,completed,galvatron,llama2_13b_4k/galvatron/full,/opt/hbv/trainir-h20-experiments/20260927-v1/runs/llama2_13b_4k/galvatron/full/01,10,1,"[6, 7, 8, 9, 10]",205.02307811081408,2.497279841458951,,512,4096,77222494720,97565802496,"CUDA-synchronized native whole step including batch preparation, forward, backward, optimizer and zero_grad; max over ranks; excludes parameter evidence sampling and post-step logging/barrier.",1673.4371223887429,,,,,27.89061870647905,Linux process start ticks to pre-training boundary,search_timing_evidence/llama2_13b_4k/full/galvatron.json,True,"{""checkpoint"": ""0,0,0,0,0,0,0,0,0,0,0,0,0,0,0,0,0,0,0,0,0,0,0,0,0,0,0,0,0,0,0,0,0,0,0,0,0,0,0,0"", ""chunks"": 256, ""default_dp_type"": ""ddp"", ""dp_types_enc"": ""0,0,0,0,0,0,0,0,0,0,0,0,0,0,0,0,0,0,0,0,0,0,0,0,0,0,0,0,0,0,0,0,0,0,0,0,0,0,0,0"", ""embed_sdp"": 1, ""global_bsz"": 512, ""pipeline_type"": ""pipedream_flush"", ""pp_deg"": 2, ""pp_division"": ""20,20"", ""tp_consecutive_flags"": ""1,1,1,1,1,1,1,1,1,1,1,1,1,1,1,1,1,1,1,1,1,1,1,1,1,1,1,1,1,1,1,1,1,1,1,1,1,1,1,1"", ""tp_sizes_enc"": ""2,2,2,2,2,2,2,2,2,2,2,2,2,2,2,2,2,2,2,2,2,2,2,2,2,2,2,2,2,2,2,2,2,2,2,2,2,2,2,2"", ""use_sp"": ""1,0,0,0,0,0,0,0,0,0,0,0,0,0,0,0,0,0,0,0,1,1,1,1,0,0,0,0,0,0,0,0,0,0,0,0,0,0,0,0"", ""vsp"": 1, ""vtp"": 2, ""world_size"": 8}",2,256,40
llama3_8b_8k,common,devastator,completed,galvatron,llama3_8b_8k/devastator/common,/opt/hbv/trainir-h20-experiments/20260927-v1/runs/llama3_8b_8k/galvatron/common/01,10,1,"[6, 7, 8, 9, 10]",33.65453603155911,1.901675302847284,,64,8192,57321347072,80348184576,"CUDA-synchronized native whole step including batch preparation, forward, backward, optimizer and zero_grad; max over ranks; excludes parameter evidence sampling and post-step logging/barrier.",89.5657270392403,"[2, 1, 1, 1, 4, 4, 1, 2, 16]","{""ReCompute"": [null, null], ""DistributedOptimizer"": false, ""VirtualPipe"": null, ""Hybrid_MHA_MQA"": [true, 8]}",94.3050947337874,True,1.4927621173206718,Linux process start ticks to pre-training boundary,search_timing_evidence/llama3_8b_8k/common/devastator.json,True,,,,
llama3_8b_8k,common,galvatron,completed,galvatron,llama3_8b_8k/devastator/common,/opt/hbv/trainir-h20-experiments/20260927-v1/runs/llama3_8b_8k/galvatron/common/01,10,1,"[6, 7, 8, 9, 10]",33.65453603155911,1.901675302847284,,64,8192,57321347072,80348184576,"CUDA-synchronized native whole step including batch preparation, forward, backward, optimizer and zero_grad; max over ranks; excludes parameter evidence sampling and post-step logging/barrier.",1185.76408633776,,,,,19.762734772296003,Linux process start ticks to pre-training boundary,search_timing_evidence/llama3_8b_8k/common/galvatron.json,True,"{""checkpoint"": ""0,0,0,0,0,0,0,0,0,0,0,0,0,0,0,0,0,0,0,0,0,0,0,0,0,0,0,0,0,0,0,0"", ""chunks"": 16, ""default_dp_type"": ""ddp"", ""dp_types_enc"": ""0,0,0,0,0,0,0,0,0,0,0,0,0,0,0,0,0,0,0,0,0,0,0,0,0,0,0,0,0,0,0,0"", ""embed_sdp"": 0, ""global_bsz"": 64, ""pipeline_type"": ""pipedream_flush"", ""pp_deg"": 1, ""pp_division"": ""32"", ""tp_consecutive_flags"": ""1,1,1,1,1,1,1,1,1,1,1,1,1,1,1,1,1,1,1,1,1,1,1,1,1,1,1,1,1,1,1,1"", ""tp_sizes_enc"": ""4,4,4,4,4,4,4,4,4,4,4,4,4,4,4,4,4,4,4,4,4,4,4,4,4,4,4,4,4,4,4,4"", ""use_sp"": ""0,0,0,0,0,0,0,0,0,0,0,0,0,0,0,0,0,0,0,0,0,0,0,0,0,0,0,0,0,0,0,0"", ""vsp"": 0, ""vtp"": 4, ""world_size"": 8}",1,16,8
llama3_8b_8k,full,devastator,completed,devastator,llama3_8b_8k/devastator/full,/opt/hbv/trainir-h20-experiments/20260928-aligned-rerun-v8/runs/llama3_8b_8k/devastator/full/01,10,1,"[6, 7, 8, 9, 10]",32.791448493674395,1.9517283602871602,1.8474668,64,8192,67690485248,71263322112,"CUDA-synchronized native whole step including batch preparation, forward, backward, optimizer and zero_grad; max over ranks; excludes parameter evidence sampling and post-step logging/barrier.",391.2321050623432,"[4, 1, 1, 1, 2, 2, 1, 1, 16]","{""ReCompute"": [null, null], ""DistributedOptimizer"": true, ""VirtualPipe"": null, ""Hybrid_MHA_MQA"": [true, 8]}",89.81583006829123,False,6.520535084372386,Linux process start ticks to pre-training boundary,search_timing_evidence/llama3_8b_8k/full/devastator.json,True,,,,
llama3_8b_8k,full,galvatron,completed,galvatron,llama3_8b_8k/galvatron/full,/opt/hbv/trainir-h20-experiments/20260927-v1/runs/llama3_8b_8k/galvatron/full/01,10,1,"[6, 7, 8, 9, 10]",32.88683075197041,1.9460677279207104,,64,8192,67053840384,89674219520,"CUDA-synchronized native whole step including batch preparation, forward, backward, optimizer and zero_grad; max over ranks; excludes parameter evidence sampling and post-step logging/barrier.",1706.5256958268583,,,,,28.442094930447638,Linux process start ticks to pre-training boundary,search_timing_evidence/llama3_8b_8k/full/galvatron.json,True,"{""checkpoint"": ""0,0,0,0,0,0,0,0,0,0,0,0,0,0,0,0,0,0,0,0,0,0,0,0,0,0,0,0,0,0,0,0"", ""chunks"": 16, ""default_dp_type"": ""ddp"", ""dp_types_enc"": ""1,1,1,1,1,1,1,1,1,1,1,1,1,0,0,0,0,0,0,0,0,0,0,0,0,0,0,0,0,0,0,0"", ""embed_sdp"": 1, ""global_bsz"": 64, ""pipeline_type"": ""pipedream_flush"", ""pp_deg"": 1, ""pp_division"": ""32"", ""tp_consecutive_flags"": ""1,1,1,1,1,1,1,1,1,1,1,1,1,1,1,1,1,1,1,1,1,1,1,1,1,1,1,1,1,1,1,1"", ""tp_sizes_enc"": ""2,2,2,2,2,2,2,2,2,2,2,2,2,2,2,2,2,2,2,2,2,2,2,2,2,2,2,2,2,2,2,2"", ""use_sp"": ""0,0,0,0,0,0,0,0,0,0,0,0,0,0,0,0,0,0,0,0,0,0,0,0,0,0,0,0,0,0,0,0"", ""vsp"": 0, ""vtp"": 2, ""world_size"": 8}",1,16,8
qwen2_1p5b_32k,common,devastator,completed,galvatron,qwen2_1p5b_32k/devastator/common,/opt/hbv/trainir-h20-experiments/20260927-v1/runs/qwen2_1p5b_32k/galvatron/common/02,10,1,"[6, 7, 8, 9, 10]",56.462342873960736,1.133498837320041,,64,32768,53314600960,62964891648,"CUDA-synchronized native whole step including batch preparation, forward, backward, optimizer and zero_grad; max over ranks; excludes parameter evidence sampling and post-step logging/barrier.",32.26987288147211,"[2, 2, 1, 1, 2, 2, 1, 1, 32]","{""ReCompute"": [null, null], ""DistributedOptimizer"": false, ""VirtualPipe"": null, ""Hybrid_MHA_MQA"": [true, 2]}",189.58381283432294,True,0.5378312146912019,Linux process start ticks to pre-training boundary,search_timing_evidence/qwen2_1p5b_32k/common/devastator.json,True,,,,
qwen2_1p5b_32k,common,galvatron,completed,galvatron,qwen2_1p5b_32k/devastator/common,/opt/hbv/trainir-h20-experiments/20260927-v1/runs/qwen2_1p5b_32k/galvatron/common/02,10,1,"[6, 7, 8, 9, 10]",56.462342873960736,1.133498837320041,,64,32768,53314600960,62964891648,"CUDA-synchronized native whole step including batch preparation, forward, backward, optimizer and zero_grad; max over ranks; excludes parameter evidence sampling and post-step logging/barrier.",710.173124675639,,,,,11.836218744593983,Linux process start ticks to pre-training boundary,search_timing_evidence/qwen2_1p5b_32k/common/galvatron.json,True,"{""checkpoint"": ""0,0,0,0,0,0,0,0,0,0,0,0,0,0,0,0,0,0,0,0,0,0,0,0,0,0,0,0"", ""chunks"": 32, ""default_dp_type"": ""ddp"", ""dp_types_enc"": ""0,0,0,0,0,0,0,0,0,0,0,0,0,0,0,0,0,0,0,0,0,0,0,0,0,0,0,0"", ""embed_sdp"": 0, ""global_bsz"": 64, ""pipeline_type"": ""pipedream_flush"", ""pp_deg"": 2, ""pp_division"": ""14,14"", ""tp_consecutive_flags"": ""1,1,1,1,1,1,1,1,1,1,1,1,1,1,1,1,1,1,1,1,1,1,1,1,1,1,1,1"", ""tp_sizes_enc"": ""2,2,2,2,2,2,2,2,2,2,2,2,2,2,2,2,2,2,2,2,2,2,2,2,2,2,2,2"", ""use_sp"": ""0,0,0,0,0,0,0,0,0,0,0,0,0,0,0,0,0,0,0,0,0,0,0,0,0,0,0,0"", ""vsp"": 0, ""vtp"": 2, ""world_size"": 8}",2,32,2
qwen2_1p5b_32k,full,devastator,completed,devastator,qwen2_1p5b_32k/devastator/full,/opt/hbv/trainir-h20-experiments/20260928-aligned-rerun-v8/runs/qwen2_1p5b_32k/devastator/full/01,10,1,"[6, 7, 8, 9, 10]",55.766935465484856,1.1476334402418569,1.11135,64,32768,83177248256,92008349696,"CUDA-synchronized native whole step including batch preparation, forward, backward, optimizer and zero_grad; max over ranks; excludes parameter evidence sampling and post-step logging/barrier.",606.9779185066,"[4, 1, 1, 1, 2, 2, 1, 1, 16]","{""ReCompute"": [null, null], ""DistributedOptimizer"": true, ""VirtualPipe"": null, ""Hybrid_MHA_MQA"": [true, 2]}",153.16911588339292,False,10.116298641776666,Linux process start ticks to pre-training boundary,search_timing_evidence/qwen2_1p5b_32k/full/devastator.json,True,,,,
qwen2_1p5b_32k,full,galvatron,completed,galvatron,qwen2_1p5b_32k/galvatron/full,/opt/hbv/trainir-h20-experiments/20260927-v1/runs/qwen2_1p5b_32k/galvatron/full/01,10,1,"[6, 7, 8, 9, 10]",57.34203636310995,1.116109647636674,,64,32768,79485556224,90989133824,"CUDA-synchronized native whole step including batch preparation, forward, backward, optimizer and zero_grad; max over ranks; excludes parameter evidence sampling and post-step logging/barrier.",833.8990761237219,,,,,13.898317935395365,Linux process start ticks to pre-training boundary,search_timing_evidence/qwen2_1p5b_32k/full/galvatron.json,True,"{""checkpoint"": ""0,0,0,0,0,0,0,0,0,0,0,0,0,0,0,0,0,0,0,0,0,0,0,0,0,0,0,0"", ""chunks"": 16, ""default_dp_type"": ""ddp"", ""dp_types_enc"": ""1,1,1,1,1,1,1,1,1,1,1,1,1,1,1,1,1,1,1,0,1,0,0,0,0,0,0,0"", ""embed_sdp"": 1, ""global_bsz"": 64, ""pipeline_type"": ""pipedream_flush"", ""pp_deg"": 1, ""pp_division"": ""28"", ""tp_consecutive_flags"": ""1,1,1,1,1,1,1,1,1,1,1,1,1,1,1,1,1,1,1,1,1,1,1,1,1,1,1,1"", ""tp_sizes_enc"": ""2,2,2,2,2,2,2,2,2,2,2,2,2,2,2,2,2,2,2,2,2,2,2,2,2,2,2,2"", ""use_sp"": ""1,1,1,1,1,1,1,1,1,1,1,1,1,1,1,1,1,1,1,0,1,1,1,1,1,1,1,1"", ""vsp"": 1, ""vtp"": 2, ""world_size"": 8}",1,16,2
qwen2_7b_32k,common,devastator,completed,galvatron,qwen2_7b_32k/devastator/common,/opt/hbv/trainir-h20-experiments/20260927-v1/runs/qwen2_7b_32k/galvatron/common/02,10,1,"[6, 7, 8, 9, 10]",169.360142641142,0.3778929268830973,,64,32768,61015549952,71431094272,"CUDA-synchronized native whole step including batch preparation, forward, backward, optimizer and zero_grad; max over ranks; excludes parameter evidence sampling and post-step logging/barrier.",32.63333495799452,"[1, 2, 1, 1, 4, 4, 1, 1, 64]","{""ReCompute"": [null, null], ""DistributedOptimizer"": false, ""VirtualPipe"": null, ""Hybrid_MHA_MQA"": [true, 4]}",414.47318602944864,True,0.5438889159665753,Linux process start ticks to pre-training boundary,search_timing_evidence/qwen2_7b_32k/common/devastator.json,True,,,,
qwen2_7b_32k,common,galvatron,completed,galvatron,qwen2_7b_32k/devastator/common,/opt/hbv/trainir-h20-experiments/20260927-v1/runs/qwen2_7b_32k/galvatron/common/02,10,1,"[6, 7, 8, 9, 10]",169.360142641142,0.3778929268830973,,64,32768,61015549952,71431094272,"CUDA-synchronized native whole step including batch preparation, forward, backward, optimizer and zero_grad; max over ranks; excludes parameter evidence sampling and post-step logging/barrier.",744.8208749471232,,,,,12.41368124911872,Linux process start ticks to pre-training boundary,search_timing_evidence/qwen2_7b_32k/common/galvatron.json,True,"{""checkpoint"": ""0,0,0,0,0,0,0,0,0,0,0,0,0,0,0,0,0,0,0,0,0,0,0,0,0,0,0,0"", ""chunks"": 64, ""default_dp_type"": ""ddp"", ""dp_types_enc"": ""0,0,0,0,0,0,0,0,0,0,0,0,0,0,0,0,0,0,0,0,0,0,0,0,0,0,0,0"", ""embed_sdp"": 0, ""global_bsz"": 64, ""pipeline_type"": ""pipedream_flush"", ""pp_deg"": 2, ""pp_division"": ""14,14"", ""tp_consecutive_flags"": ""1,1,1,1,1,1,1,1,1,1,1,1,1,1,1,1,1,1,1,1,1,1,1,1,1,1,1,1"", ""tp_sizes_enc"": ""4,4,4,4,4,4,4,4,4,4,4,4,4,4,4,4,4,4,4,4,4,4,4,4,4,4,4,4"", ""use_sp"": ""0,0,0,0,0,0,0,0,0,0,0,0,0,0,0,0,0,0,0,0,0,0,0,0,0,0,0,0"", ""vsp"": 0, ""vtp"": 4, ""world_size"": 8}",2,64,4
qwen2_7b_32k,full,devastator,completed,devastator_diagnostic,qwen2_7b_32k/devastator/full,/opt/hbv/trainir-h20-experiments/20260928-ranking-ablation-v10/validation/qwen2_7b_32k/03be60f6ff9e/01,10,1,"[6, 7, 8, 9, 10]",168.10166017543526,0.3807219984217166,0.3763644,64,32768,90964048896,94543806464,"CUDA-synchronized native whole step including batch preparation, forward, backward, optimizer and zero_grad; max over ranks; excludes parameter evidence sampling and post-step logging/barrier.",430.2447550930083,"[1, 2, 1, 2, 2, 2, 1, 1, 64]","{""ReCompute"": [null, null], ""DistributedOptimizer"": false, ""VirtualPipe"": null, ""Hybrid_MHA_MQA"": [true, 4]}",405.30372822232147,False,7.170745918216805,Linux process start ticks to pre-training boundary,search_timing_evidence/qwen2_7b_32k/full/devastator.json,True,,,,
qwen2_7b_32k,full,galvatron,completed,galvatron,qwen2_7b_32k/galvatron/full,/opt/hbv/trainir-h20-experiments/20260927-v1/runs/qwen2_7b_32k/galvatron/full/01,10,1,"[6, 7, 8, 9, 10]",173.82577414754778,0.3681847546134048,,64,32768,78850652672,91236597760,"CUDA-synchronized native whole step including batch preparation, forward, backward, optimizer and zero_grad; max over ranks; excludes parameter evidence sampling and post-step logging/barrier.",963.9062643488869,,,,,16.065104405814782,Linux process start ticks to pre-training boundary,search_timing_evidence/qwen2_7b_32k/full/galvatron.json,True,"{""checkpoint"": ""0,0,0,0,0,0,0,0,0,0,0,0,0,0,0,0,0,0,0,0,0,0,0,0,0,0,0,0"", ""chunks"": 32, ""default_dp_type"": ""ddp"", ""dp_types_enc"": ""1,1,1,1,1,1,1,1,1,1,1,1,1,1,1,1,1,1,1,1,1,1,1,0,0,0,0,0"", ""embed_sdp"": 1, ""global_bsz"": 64, ""pipeline_type"": ""pipedream_flush"", ""pp_deg"": 1, ""pp_division"": ""28"", ""tp_consecutive_flags"": ""1,1,1,1,1,1,1,1,1,1,1,1,1,1,1,1,1,1,1,1,1,1,1,1,1,1,1,1"", ""tp_sizes_enc"": ""4,4,4,4,4,4,4,4,4,4,4,4,4,4,4,4,4,4,4,4,4,4,4,4,4,4,4,4"", ""use_sp"": ""0,0,0,0,0,0,0,0,0,0,0,0,0,0,0,0,0,0,0,0,0,0,0,0,0,0,0,0"", ""vsp"": 1, ""vtp"": 4, ""world_size"": 8}",1,32,4
qwen25_14b_8k,common,devastator,completed,devastator,qwen25_14b_8k/devastator/common,/opt/hbv/trainir-h20-experiments/20260928-aligned-rerun-v8/runs/qwen25_14b_8k/devastator/common/02,10,1,"[6, 7, 8, 9, 10]",61.409741680882874,1.0421799253378636,1.010111,64,8192,76283723776,79951822848,"CUDA-synchronized native whole step including batch preparation, forward, backward, optimizer and zero_grad; max over ranks; excludes parameter evidence sampling and post-step logging/barrier.",52.59423773176968,"[1, 2, 1, 1, 4, 4, 1, 2, 32]","{""ReCompute"": [null, null], ""DistributedOptimizer"": false, ""VirtualPipe"": null, ""Hybrid_MHA_MQA"": [true, 8]}",181.1633361506141,False,0.876570628862828,Linux process start ticks to pre-training boundary,search_timing_evidence/qwen25_14b_8k/common/devastator.json,True,,,,
qwen25_14b_8k,common,galvatron,completed,galvatron,qwen25_14b_8k/galvatron/common,/opt/hbv/trainir-h20-experiments/20260927-v1/runs/qwen25_14b_8k/galvatron/common/01,10,1,"[6, 7, 8, 9, 10]",62.3346570532769,1.0267161644171676,,64,8192,44353128960,67232595968,"CUDA-synchronized native whole step including batch preparation, forward, backward, optimizer and zero_grad; max over ranks; excludes parameter evidence sampling and post-step logging/barrier.",658.2399212643504,,,,,10.97066535440584,Linux process start ticks to pre-training boundary,search_timing_evidence/qwen25_14b_8k/common/galvatron.json,True,"{""checkpoint"": ""0,0,0,0,0,0,0,0,0,0,0,0,0,0,0,0,0,0,0,0,0,0,0,0,0,0,0,0,0,0,0,0,0,0,0,0,0,0,0,0,0,0,0,0,0,0,0,0"", ""chunks"": 64, ""default_dp_type"": ""ddp"", ""dp_types_enc"": ""0,0,0,0,0,0,0,0,0,0,0,0,0,0,0,0,0,0,0,0,0,0,0,0,0,0,0,0,0,0,0,0,0,0,0,0,0,0,0,0,0,0,0,0,0,0,0,0"", ""embed_sdp"": 0, ""global_bsz"": 64, ""pipeline_type"": ""pipedream_flush"", ""pp_deg"": 2, ""pp_division"": ""24,24"", ""tp_consecutive_flags"": ""1,1,1,1,1,1,1,1,1,1,1,1,1,1,1,1,1,1,1,1,1,1,1,1,1,1,1,1,1,1,1,1,1,1,1,1,1,1,1,1,1,1,1,1,1,1,1,1"", ""tp_sizes_enc"": ""4,4,4,4,4,4,4,4,4,4,4,4,4,4,4,4,4,4,4,4,4,4,4,4,4,4,4,4,4,4,4,4,4,4,4,4,4,4,4,4,4,4,4,4,4,4,4,4"", ""use_sp"": ""0,0,0,0,0,0,0,0,0,0,0,0,0,0,0,0,0,0,0,0,0,0,0,0,0,0,0,0,0,0,0,0,0,0,0,0,0,0,0,0,0,0,0,0,0,0,0,0"", ""vsp"": 0, ""vtp"": 4, ""world_size"": 8}",2,64,8
qwen25_14b_8k,full,devastator,completed,devastator_diagnostic,qwen25_14b_8k/devastator/full,/opt/hbv/trainir-h20-experiments/20260928-ranking-ablation-v10/validation/qwen25_14b_8k/7d377cce5a0b/01,10,1,"[6, 7, 8, 9, 10]",60.08490251451731,1.0651594214459572,1.0302078,64,8192,85215546368,89617596416,"CUDA-synchronized native whole step including batch preparation, forward, backward, optimizer and zero_grad; max over ranks; excludes parameter evidence sampling and post-step logging/barrier.",209.16334809549153,"[2, 2, 1, 1, 2, 2, 1, 1, 32]","{""ReCompute"": [null, null], ""DistributedOptimizer"": true, ""VirtualPipe"": null, ""Hybrid_MHA_MQA"": [true, 8]}",172.29534121293014,False,3.4860558015915255,Linux process start ticks to pre-training boundary,search_timing_evidence/qwen25_14b_8k/full/devastator.json,True,,,,
qwen25_14b_8k,full,galvatron,completed,galvatron,qwen25_14b_8k/galvatron/full,/opt/hbv/trainir-h20-experiments/20260927-v1/runs/qwen25_14b_8k/galvatron/full/01,10,1,"[6, 7, 8, 9, 10]",67.59095558952541,0.9468722470601985,,64,8192,67989186560,99084140544,"CUDA-synchronized native whole step including batch preparation, forward, backward, optimizer and zero_grad; max over ranks; excludes parameter evidence sampling and post-step logging/barrier.",1357.3151785824448,,,,,22.621919643040748,Linux process start ticks to pre-training boundary,search_timing_evidence/qwen25_14b_8k/full/galvatron.json,True,"{""checkpoint"": ""0,0,0,0,0,0,0,0,0,0,0,0,0,0,0,0,0,0,0,0,0,0,0,0,0,0,0,0,0,0,0,0,0,0,0,0,0,0,0,0,0,0,0,0,0,0,0,0"", ""chunks"": 32, ""default_dp_type"": ""ddp"", ""dp_types_enc"": ""1,1,1,1,1,1,1,0,0,0,0,0,0,0,0,0,0,0,0,0,0,0,0,0,0,0,0,0,0,0,0,0,0,0,0,0,0,0,0,0,0,0,0,0,0,0,0,0"", ""embed_sdp"": 1, ""global_bsz"": 64, ""pipeline_type"": ""pipedream_flush"", ""pp_deg"": 1, ""pp_division"": ""48"", ""tp_consecutive_flags"": ""1,1,1,1,1,1,1,1,1,1,1,1,1,1,1,1,1,1,1,1,1,1,1,1,1,1,1,1,1,1,1,1,1,1,1,1,1,1,1,1,1,1,1,1,1,1,1,1"", ""tp_sizes_enc"": ""4,4,4,4,4,4,4,4,4,4,4,4,4,4,4,4,4,4,4,4,4,4,4,4,4,4,4,4,4,4,4,4,4,4,4,4,4,4,4,4,4,4,4,4,4,4,4,4"", ""use_sp"": ""0,0,0,0,0,0,0,0,0,0,0,0,0,0,0,0,0,0,0,0,0,0,0,0,0,0,0,0,0,0,0,0,0,0,0,0,0,0,0,0,0,0,0,0,0,0,0,0"", ""vsp"": 0, ""vtp"": 4, ""world_size"": 8}",1,32,8
qwen3_14b_4k,common,devastator,completed,devastator,qwen3_14b_4k/devastator/common,/opt/hbv/trainir-h20-experiments/20260928-aligned-rerun-v8/runs/qwen3_14b_4k/devastator/common/02,10,1,"[6, 7, 8, 9, 10]",54.139609378948805,2.364257915199707,2.2842726,128,4096,76917224448,82483085312,"CUDA-synchronized native whole step including batch preparation, forward, backward, optimizer and zero_grad; max over ranks; excludes parameter evidence sampling and post-step logging/barrier.",71.31288822554052,"[1, 2, 1, 1, 4, 4, 1, 4, 32]","{""ReCompute"": [null, null], ""DistributedOptimizer"": false, ""VirtualPipe"": null, ""Hybrid_MHA_MQA"": [true, 8]}",163.2247826844143,False,1.188548137092342,Linux process start ticks to pre-training boundary,search_timing_evidence/qwen3_14b_4k/common/devastator.json,True,,,,
qwen3_14b_4k,common,galvatron,completed,galvatron,qwen3_14b_4k/galvatron/common,/opt/hbv/trainir-h20-experiments/20260927-v1/runs/qwen3_14b_4k/galvatron/common/01,10,1,"[6, 7, 8, 9, 10]",58.16075293458998,2.2007968181559505,,128,4096,74182896128,99088334848,"CUDA-synchronized native whole step including batch preparation, forward, backward, optimizer and zero_grad; max over ranks; excludes parameter evidence sampling and post-step logging/barrier.",1091.1205072142184,,,,,18.18534178690364,Linux process start ticks to pre-training boundary,search_timing_evidence/qwen3_14b_4k/common/galvatron.json,True,"{""checkpoint"": ""0,0,0,0,0,0,0,0,0,0,0,0,0,0,0,0,0,0,0,0,0,0,0,0,0,0,0,0,0,0,0,0,0,0,0,0,0,0,0,0"", ""chunks"": 64, ""default_dp_type"": ""ddp"", ""dp_types_enc"": ""0,0,0,0,0,0,0,0,0,0,0,0,0,0,0,0,0,0,0,0,0,0,0,0,0,0,0,0,0,0,0,0,0,0,0,0,0,0,0,0"", ""embed_sdp"": 0, ""global_bsz"": 128, ""pipeline_type"": ""pipedream_flush"", ""pp_deg"": 1, ""pp_division"": ""40"", ""tp_consecutive_flags"": ""1,1,1,1,1,1,1,1,1,1,1,1,1,1,1,1,1,1,1,1,1,1,1,1,1,1,1,1,1,1,1,1,1,1,1,1,1,1,1,1"", ""tp_sizes_enc"": ""4,4,4,4,4,4,4,4,4,4,4,4,4,4,4,4,4,4,4,4,4,4,4,4,4,4,4,4,4,4,4,4,4,4,4,4,4,4,4,4"", ""use_sp"": ""0,0,0,0,0,0,0,0,0,0,0,0,0,0,0,0,0,0,0,0,0,0,0,0,0,0,0,0,0,0,0,0,0,0,0,0,0,0,0,0"", ""vsp"": 0, ""vtp"": 4, ""world_size"": 8}",1,64,8
qwen3_14b_4k,full,devastator,completed,devastator,qwen3_14b_4k/devastator/full,/opt/hbv/trainir-h20-experiments/20260928-aligned-rerun-v8/runs/qwen3_14b_4k/devastator/full/01,10,1,"[6, 7, 8, 9, 10]",56.153087445348504,2.2794828534508835,2.2027,128,4096,69393840640,74104963072,"CUDA-synchronized native whole step including batch preparation, forward, backward, optimizer and zero_grad; max over ranks; excludes parameter evidence sampling and post-step logging/barrier.",232.21250591706485,"[2, 1, 1, 1, 4, 4, 1, 2, 32]","{""ReCompute"": [null, null], ""DistributedOptimizer"": true, ""VirtualPipe"": null, ""Hybrid_MHA_MQA"": [true, 8]}",154.5507591348293,False,3.8702084319510806,Linux process start ticks to pre-training boundary,search_timing_evidence/qwen3_14b_4k/full/devastator.json,True,,,,
qwen3_14b_4k,full,galvatron,completed,galvatron,qwen3_14b_4k/galvatron/full,/opt/hbv/trainir-h20-experiments/20260927-v1/runs/qwen3_14b_4k/galvatron/full/01,10,1,"[6, 7, 8, 9, 10]",55.10340958554298,2.322905260540943,,128,4096,70091059712,98207531008,"CUDA-synchronized native whole step including batch preparation, forward, backward, optimizer and zero_grad; max over ranks; excludes parameter evidence sampling and post-step logging/barrier.",1796.0248638195917,,,,,29.933747730326527,Linux process start ticks to pre-training boundary,search_timing_evidence/qwen3_14b_4k/full/galvatron.json,True,"{""checkpoint"": ""0,0,0,0,0,0,0,0,0,0,0,0,0,0,0,0,0,0,0,0,0,0,0,0,0,0,0,0,0,0,0,0,0,0,0,0,0,0,0,0"", ""chunks"": 64, ""default_dp_type"": ""ddp"", ""dp_types_enc"": ""1,1,1,1,0,0,0,0,0,0,0,0,0,0,0,0,0,0,0,0,0,0,0,0,0,0,0,0,0,0,0,0,0,0,0,0,0,0,0,0"", ""embed_sdp"": 1, ""global_bsz"": 128, ""pipeline_type"": ""pipedream_flush"", ""pp_deg"": 2, ""pp_division"": ""20,20"", ""tp_consecutive_flags"": ""1,1,1,1,1,1,1,1,1,1,1,1,1,1,1,1,1,1,1,1,1,1,1,1,1,1,1,1,1,1,1,1,1,1,1,1,1,1,1,1"", ""tp_sizes_enc"": ""2,2,2,2,2,2,2,2,2,2,2,2,2,2,2,2,2,2,2,2,2,2,2,2,2,2,2,2,2,2,2,2,2,2,2,2,2,2,2,2"", ""use_sp"": ""0,0,0,0,0,0,0,0,0,0,0,0,0,0,0,0,0,0,0,0,0,0,0,0,0,0,0,0,0,0,0,0,0,0,0,0,0,0,0,0"", ""vsp"": 1, ""vtp"": 2, ""world_size"": 8}",2,64,8
