case,space,system,search_e2e_seconds,search_e2e_minutes,method,scope,outcome,reused_existing_wall_clock,communication_calibration_included,selected_training_included,evidence,original_path,evidence_sha256,profile_measurements,profile_seed_hits,profile_sha256,search_input_sha256
llama7b_2k,common,devastator,45.03265844658017,0.7505443074430028,Linux process start ticks to pre-training boundary,"All workflow wall time from driver process start through ready-to-launch selected training. Includes imports, configuration, profile generation, compute/memory Profile, processing, process startup, native search and selected configuration validation/export. Communication calibration and selected training excluded.",search_only_profile_refresh,True,False,False,search_timing_evidence/llama7b_2k/common/devastator.json,/opt/hbv/trainir-h20-experiments/20260928-aligned-rerun-v8/diagnostics/gpu1_profile_refresh/llama7b_2k/common/01/search_timing.json,0df753ed315c5ea77bd5cf7dd0fbb76a657eae335a54ddf3b36bee3cb7621eb5,165,0,ac963375e3f51823165f7a15947b68ba679e8e96e4421f6c9e0fd7843e35a5bd,84787b8b1571f4c1ac5b4bdd1dc45dfcce75cd100a8c5217f5ab3bb0958fab5e
llama7b_2k,common,galvatron,679.4876208305359,11.32479368050893,Reconstructed from original driver stdout log birth to selected-training stdout log birth,All elapsed workflow time between these boundaries; includes profile/search startup and preparation/processing. Excludes earlier communication calibration and later selected training.,selected,True,False,False,search_timing_evidence/llama7b_2k/common/galvatron.json,/opt/hbv/trainir-h20-experiments/20260927-v1/runs/llama7b_2k/galvatron/common/01/search_timing.json,76addff0658cf09631d07d35d7d8ea8c219f5b4d9a5533382d0f89f4865d62e3,,,,
llama7b_2k,full,devastator,185.08296073880047,3.0847160123133412,Linux process start ticks to pre-training boundary,"All workflow wall time from driver process start through ready-to-launch selected training. Includes imports, configuration, profile generation, compute/memory Profile, processing, process startup, native search and selected configuration validation/export. Communication calibration and selected training excluded.",search_only_profile_refresh,True,False,False,search_timing_evidence/llama7b_2k/full/devastator.json,/opt/hbv/trainir-h20-experiments/20260928-ranking-ablation-v10/profile_recovery/llama7b_2k/full/01/search_timing.json,b5fa0c9b534ab503669a2caf63ab05a941c83439b2d5459cfc1b7a06c3aa0b9c,464,0,cbf1b9a44c857b0e9dacf3254f0b29e9bc61785c99df547b39946eefb62eab3c,9a72f0a6ed69a2e7697f8f447343005a29160136a5aafc576a4b5f9c53e56200
llama7b_2k,full,galvatron,1376.7221306432039,22.945368844053398,Linux process start ticks to pre-training boundary,"All workflow wall time from driver process start through ready-to-launch selected training. Includes imports, configuration, profile generation, compute/memory Profile, processing, process startup, native search and selected configuration validation/export. Communication calibration and selected training excluded.",selected,True,False,False,search_timing_evidence/llama7b_2k/full/galvatron.json,/opt/hbv/trainir-h20-experiments/20260927-v1/runs/llama7b_2k/galvatron/full/01/search_timing.json,26d71c037237df5f7514fecd448c1aa8678e08d02a38caf207e1611eef983a93,,,,
llama2_7b_4k,common,devastator,50.153895761817694,0.8358982626969615,Linux process start ticks to pre-training boundary,"All workflow wall time from driver process start through ready-to-launch selected training. Includes imports, configuration, profile generation, compute/memory Profile, processing, process startup, native search and selected configuration validation/export. Communication calibration and selected training excluded.",search_only_profile_refresh,True,False,False,search_timing_evidence/llama2_7b_4k/common/devastator.json,/opt/hbv/trainir-h20-experiments/20260928-aligned-rerun-v8/diagnostics/gpu1_profile_refresh/llama2_7b_4k/common/01/search_timing.json,1d26de32917846627602b6ea5f0647ec47f427e6e25ed5682218f2deccaf426f,143,0,e28199ac6a5771e2c743e9b7840fcc96d11a31ffec1560b31afe330c19b01947,b1dce5a26b4f414a1315de726fd4e7854806aa479fb8cf2608b2dfd649664904
llama2_7b_4k,common,galvatron,749.9199869632721,12.498666449387867,Reconstructed from original driver stdout log birth to selected-training stdout log birth,All elapsed workflow time between these boundaries; includes profile/search startup and preparation/processing. Excludes earlier communication calibration and later selected training.,selected,True,False,False,search_timing_evidence/llama2_7b_4k/common/galvatron.json,/opt/hbv/trainir-h20-experiments/20260927-v1/runs/llama2_7b_4k/galvatron/common/01/search_timing.json,faf399403b1bd3e6ddcb0ca93cad920cba2b504419f829743362113781546e86,,,,
llama2_7b_4k,full,devastator,246.38094685040414,4.106349114173402,Linux process start ticks to pre-training boundary,"All workflow wall time from driver process start through ready-to-launch selected training. Includes imports, configuration, profile generation, compute/memory Profile, processing, process startup, native search and selected configuration validation/export. Communication calibration and selected training excluded.",search_only_profile_refresh,True,False,False,search_timing_evidence/llama2_7b_4k/full/devastator.json,/opt/hbv/trainir-h20-experiments/20260928-ranking-ablation-v10/profile_recovery/llama2_7b_4k/full/01/search_timing.json,dec724b7ee490d03432e04ca1c64af64c3797e560f9f999011ebefc12138b6f6,460,0,0216df8f4d5daacc70c3c36a28947484f5a0a9daa5a2d9e06714ecd77ace5a2d,36044dd4ef62aec73b746cece747a6f63ed3a371c5cf28ea5d72a85f586de895
llama2_7b_4k,full,galvatron,1426.4308670731261,23.773847784552103,Linux process start ticks to pre-training boundary,"All workflow wall time from driver process start through ready-to-launch selected training. Includes imports, configuration, profile generation, compute/memory Profile, processing, process startup, native search and selected configuration validation/export. Communication calibration and selected training excluded.",selected,True,False,False,search_timing_evidence/llama2_7b_4k/full/galvatron.json,/opt/hbv/trainir-h20-experiments/20260927-v1/runs/llama2_7b_4k/galvatron/full/01/search_timing.json,050b7483cc76793d93bffdd5d369050c142ac5bfa44ee6e04eb948927321ff5b,,,,
llama2_13b_4k,common,devastator,40.695765947923064,0.6782627657987177,Linux process start ticks to pre-training boundary,"All workflow wall time from driver process start through ready-to-launch selected training. Includes imports, configuration, profile generation, compute/memory Profile, processing, process startup, native search and selected configuration validation/export. Communication calibration and selected training excluded.",search_only_profile_refresh,True,False,False,search_timing_evidence/llama2_13b_4k/common/devastator.json,/opt/hbv/trainir-h20-experiments/20260928-aligned-rerun-v8/diagnostics/gpu1_profile_refresh/llama2_13b_4k/common/01/search_timing.json,d4a1ef0da0f51bda10e4e3d5b6608887b7d9b52de3fc59326fcd03b2a521467f,110,0,a453863e5c8a256f7e592e29563c81cc18f9793a8deabea0116a7c40e3bbdbcc,64456e4707feb1808395f255d63fa5b189784579ed96630ae47e258b80a71f0e
llama2_13b_4k,common,galvatron,766.2029605871066,12.770049343118444,Linux process start ticks to pre-training boundary,"All workflow wall time from driver process start through ready-to-launch selected training. Includes imports, configuration, profile generation, compute/memory Profile, processing, process startup, native search and selected configuration validation/export. Communication calibration and selected training excluded.",selected,True,False,False,search_timing_evidence/llama2_13b_4k/common/galvatron.json,/opt/hbv/trainir-h20-experiments/20260927-v1/runs/llama2_13b_4k/galvatron/common/01/search_timing.json,ad3bf46f1b3c7f37ee0de8edbeb3ea404efad71cb8541f39b8cb8eef98e1d598,,,,
llama2_13b_4k,full,devastator,239.57032284047455,3.992838714007909,Linux process start ticks to pre-training boundary,"All workflow wall time from driver process start through ready-to-launch selected training. Includes imports, configuration, profile generation, compute/memory Profile, processing, process startup, native search and selected configuration validation/export. Communication calibration and selected training excluded.",search_only_profile_refresh,True,False,False,search_timing_evidence/llama2_13b_4k/full/devastator.json,/opt/hbv/trainir-h20-experiments/20260928-ranking-ablation-v10/profile_recovery/llama2_13b_4k/full/01/search_timing.json,ad0284fad4c5326e3ffe2178c4e2d0344903a56551cefe9bd2d03ff6051e86c0,357,0,aceb7dec84b8ae9e192f5b398b7a4894ae69dd2ac97a0b9cc5adca4869af5248,aeaed037392b760607b7e8520ebac9ed3d01e79625f1e93ee52806afbdc52c15
llama2_13b_4k,full,galvatron,1673.4371223887429,27.89061870647905,Linux process start ticks to pre-training boundary,"All workflow wall time from driver process start through ready-to-launch selected training. Includes imports, configuration, profile generation, compute/memory Profile, processing, process startup, native search and selected configuration validation/export. Communication calibration and selected training excluded.",selected,True,False,False,search_timing_evidence/llama2_13b_4k/full/galvatron.json,/opt/hbv/trainir-h20-experiments/20260927-v1/runs/llama2_13b_4k/galvatron/full/01/search_timing.json,7e090808ccfb938d64ab6fc3c826db46178a63ea31154294b7f54b7e79e00c8c,,,,
llama3_8b_8k,common,devastator,89.5657270392403,1.4927621173206718,Linux process start ticks to pre-training boundary,"All workflow wall time from driver process start through ready-to-launch selected training. Includes imports, configuration, profile generation, compute/memory Profile, processing, process startup, native search and selected configuration validation/export. Communication calibration and selected training excluded.",search_only_profile_refresh,True,False,False,search_timing_evidence/llama3_8b_8k/common/devastator.json,/opt/hbv/trainir-h20-experiments/20260928-aligned-rerun-v8/diagnostics/gpu1_profile_refresh/llama3_8b_8k/common/01/search_timing.json,f0ec8dc52957606be212769385846253803ba3d4b245a682dcf09aaaa49d223c,110,0,0505eeaff59bbe9b819e2805d9a34050f6ff6825ef48133c2fed7d4ea80fd14e,b303d072b97a4136adc06b94af8cdd2a14b13b172bae30fab473435d82cbe258
llama3_8b_8k,common,galvatron,1185.76408633776,19.762734772296003,Linux process start ticks to pre-training boundary,"All workflow wall time from driver process start through ready-to-launch selected training. Includes imports, configuration, profile generation, compute/memory Profile, processing, process startup, native search and selected configuration validation/export. Communication calibration and selected training excluded.",selected,True,False,False,search_timing_evidence/llama3_8b_8k/common/galvatron.json,/opt/hbv/trainir-h20-experiments/20260927-v1/runs/llama3_8b_8k/galvatron/common/01/search_timing.json,08c3714a25e65ba1333a8c106952dbd95e2aa685c554a418b163a1626771f961,,,,
llama3_8b_8k,full,devastator,391.2321050623432,6.520535084372386,Linux process start ticks to pre-training boundary,"All workflow wall time from driver process start through ready-to-launch selected training. Includes imports, configuration, profile generation, compute/memory Profile, processing, process startup, native search and selected configuration validation/export. Communication calibration and selected training excluded.",search_only_profile_refresh,True,False,False,search_timing_evidence/llama3_8b_8k/full/devastator.json,/opt/hbv/trainir-h20-experiments/20260928-ranking-ablation-v10/profile_recovery/llama3_8b_8k/full/01/search_timing.json,c04e59c4fd83358f3c3f6121aca74892249c2c161f1fd980cfef0e6504a6e6e6,375,0,e460def8b0fc5350244eabb1ab9f115c9099116c4e584b3b4731999e130c3de3,7614392455333753ea62d79dc50761f51f483dc5fba0dc04592036bd4e2283c2
llama3_8b_8k,full,galvatron,1706.5256958268583,28.442094930447638,Linux process start ticks to pre-training boundary,"All workflow wall time from driver process start through ready-to-launch selected training. Includes imports, configuration, profile generation, compute/memory Profile, processing, process startup, native search and selected configuration validation/export. Communication calibration and selected training excluded.",selected,True,False,False,search_timing_evidence/llama3_8b_8k/full/galvatron.json,/opt/hbv/trainir-h20-experiments/20260927-v1/runs/llama3_8b_8k/galvatron/full/01/search_timing.json,9b3025d11cef24fe8f26c8b54660245ad4855d7945da867b86f7c70190648cc3,,,,
qwen2_1p5b_32k,common,devastator,32.26987288147211,0.5378312146912019,Linux process start ticks to pre-training boundary,"All workflow wall time from driver process start through ready-to-launch selected training. Includes imports, configuration, profile generation, compute/memory Profile, processing, process startup, native search and selected configuration validation/export. Communication calibration and selected training excluded.",search_only_profile_refresh,True,False,False,search_timing_evidence/qwen2_1p5b_32k/common/devastator.json,/opt/hbv/trainir-h20-experiments/20260928-aligned-rerun-v8/diagnostics/gpu1_profile_refresh/qwen2_1p5b_32k/common/01/search_timing.json,db05974d818e00cc7d303db339813e1c6aaf0aa2aca1c31151c92a01426a8b03,11,0,fe3730f642983e034b2463da6e67fac5bddd6f936d5e0ad09d68dd3b3b62dee5,6210f03f49ccbcc39d3faa83b34080958fbc21e939f6147173a6507fc6bb2909
qwen2_1p5b_32k,common,galvatron,710.173124675639,11.836218744593983,Linux process start ticks to pre-training boundary,"All workflow wall time from driver process start through ready-to-launch selected training. Includes imports, configuration, profile generation, compute/memory Profile, processing, process startup, native search and selected configuration validation/export. Communication calibration and selected training excluded.",selected,True,False,False,search_timing_evidence/qwen2_1p5b_32k/common/galvatron.json,/opt/hbv/trainir-h20-experiments/20260927-v1/runs/qwen2_1p5b_32k/galvatron/common/02/search_timing.json,fc35731af0b41cc0b6c43e79b62a5eabac2fec511db49ad54f12e6940e4b9b03,,,,
qwen2_1p5b_32k,full,devastator,606.9779185066,10.116298641776666,Linux process start ticks to pre-training boundary,"All workflow wall time from driver process start through ready-to-launch selected training. Includes imports, configuration, profile generation, compute/memory Profile, processing, process startup, native search and selected configuration validation/export. Communication calibration and selected training excluded.",search_only_profile_refresh,True,False,False,search_timing_evidence/qwen2_1p5b_32k/full/devastator.json,/opt/hbv/trainir-h20-experiments/20260928-ranking-ablation-v10/profile_recovery/qwen2_1p5b_32k/full/01/search_timing.json,7dcc2d8b7c4842d7bfb1d36a5a07d43326c2f470636fa7419af1aa602899d47d,345,0,ffdefb4d735443c60c05ee8acf7041e6f59e87b62d9d6d5d9f2516d10b1a8617,58ae2221c27904444c55ec609928d84b3d42c5e131da1681368922f7788d32e9
qwen2_1p5b_32k,full,galvatron,833.8990761237219,13.898317935395365,Linux process start ticks to pre-training boundary,"All workflow wall time from driver process start through ready-to-launch selected training. Includes imports, configuration, profile generation, compute/memory Profile, processing, process startup, native search and selected configuration validation/export. Communication calibration and selected training excluded.",selected,True,False,False,search_timing_evidence/qwen2_1p5b_32k/full/galvatron.json,/opt/hbv/trainir-h20-experiments/20260927-v1/runs/qwen2_1p5b_32k/galvatron/full/01/search_timing.json,3c62044864f8b3764a000239bed1e271d04692f6fcdc3324f732abf9a72470f2,,,,
qwen2_7b_32k,common,devastator,32.63333495799452,0.5438889159665753,Linux process start ticks to pre-training boundary,"All workflow wall time from driver process start through ready-to-launch selected training. Includes imports, configuration, profile generation, compute/memory Profile, processing, process startup, native search and selected configuration validation/export. Communication calibration and selected training excluded.",selected_equal_common_config_reused,True,False,False,search_timing_evidence/qwen2_7b_32k/common/devastator.json,/opt/hbv/trainir-h20-experiments/20260928-aligned-rerun-v8/runs/qwen2_7b_32k/devastator/common/03/search_timing.json,5e4a4741480fd7b47d636e50f591cad700fd3d05f9a08f0f2065cf0ea30c9c9b,11,0,a7c0e3c4b6963c0fad4f1d2830b01ad760d3f78def245abf64d5d638be190bd5,4e11ed99884f0737936fa307e2c5014d33de701b98ee5d2ccb4a6684d75fd5eb
qwen2_7b_32k,common,galvatron,744.8208749471232,12.41368124911872,Linux process start ticks to pre-training boundary,"All workflow wall time from driver process start through ready-to-launch selected training. Includes imports, configuration, profile generation, compute/memory Profile, processing, process startup, native search and selected configuration validation/export. Communication calibration and selected training excluded.",selected,True,False,False,search_timing_evidence/qwen2_7b_32k/common/galvatron.json,/opt/hbv/trainir-h20-experiments/20260927-v1/runs/qwen2_7b_32k/galvatron/common/02/search_timing.json,1fe4ee844fd7bbe08acdb3c1399d9827272949c31e3837ab1232754b0b9d21d9,,,,
qwen2_7b_32k,full,devastator,430.2447550930083,7.170745918216805,Linux process start ticks to pre-training boundary,"All workflow wall time from driver process start through ready-to-launch selected training. Includes imports, configuration, profile generation, compute/memory Profile, processing, process startup, native search and selected configuration validation/export. Communication calibration and selected training excluded.",search_only_profile_refresh,True,False,False,search_timing_evidence/qwen2_7b_32k/full/devastator.json,/opt/hbv/trainir-h20-experiments/20260928-ranking-ablation-v10/profile_recovery/qwen2_7b_32k/full/01/search_timing.json,b6fc338c0167d5915e2f3e68446256b6566c2eec66f6cb2a699d5c7fb3fc149f,153,0,29e50a781f4edc6110183da54db311af6d18c83321340e8e9ff09fdb78c6b9e5,2bc14f7c53555a5ac51579d6403255f1896e706d9efa21d42aa1ce3c624ab671
qwen2_7b_32k,full,galvatron,963.9062643488869,16.065104405814782,Linux process start ticks to pre-training boundary,"All workflow wall time from driver process start through ready-to-launch selected training. Includes imports, configuration, profile generation, compute/memory Profile, processing, process startup, native search and selected configuration validation/export. Communication calibration and selected training excluded.",selected,True,False,False,search_timing_evidence/qwen2_7b_32k/full/galvatron.json,/opt/hbv/trainir-h20-experiments/20260927-v1/runs/qwen2_7b_32k/galvatron/full/01/search_timing.json,b21f9e9769cdfd7388b781bac940c8767407ac9b8960e826902f0fa40b16cb06,,,,
qwen25_14b_8k,common,devastator,52.59423773176968,0.876570628862828,Linux process start ticks to pre-training boundary,"All workflow wall time from driver process start through ready-to-launch selected training. Includes imports, configuration, profile generation, compute/memory Profile, processing, process startup, native search and selected configuration validation/export. Communication calibration and selected training excluded.",selected,True,False,False,search_timing_evidence/qwen25_14b_8k/common/devastator.json,/opt/hbv/trainir-h20-experiments/20260928-aligned-rerun-v8/runs/qwen25_14b_8k/devastator/common/02/search_timing.json,1c0870fbd2739dd3d76599a77935df682a6ebb6590fd4df5bf992b747f37cdc6,66,0,b475c51e586c83f0751cc4349a7ed152ac1a63f79870552ad56e639d0c4b4666,1a9874f201fdc6eca792569a7a567985469634ffb168d645f063c908c0d26ce2
qwen25_14b_8k,common,galvatron,658.2399212643504,10.97066535440584,Linux process start ticks to pre-training boundary,"All workflow wall time from driver process start through ready-to-launch selected training. Includes imports, configuration, profile generation, compute/memory Profile, processing, process startup, native search and selected configuration validation/export. Communication calibration and selected training excluded.",selected,True,False,False,search_timing_evidence/qwen25_14b_8k/common/galvatron.json,/opt/hbv/trainir-h20-experiments/20260927-v1/runs/qwen25_14b_8k/galvatron/common/01/search_timing.json,a14d98261fd06b165068ebd9dd01cef17dc92bb6fcfdf08184f30a7b0237a34c,,,,
qwen25_14b_8k,full,devastator,209.16334809549153,3.4860558015915255,Linux process start ticks to pre-training boundary,"All workflow wall time from driver process start through ready-to-launch selected training. Includes imports, configuration, profile generation, compute/memory Profile, processing, process startup, native search and selected configuration validation/export. Communication calibration and selected training excluded.",selected,True,False,False,search_timing_evidence/qwen25_14b_8k/full/devastator.json,/opt/hbv/trainir-h20-experiments/20260928-aligned-rerun-v8/runs/qwen25_14b_8k/devastator/full/02/search_timing.json,b1cb2081d70cb9fa16f7f8024f50f63c4eb3659e1890589284d6d9ce90a039cf,185,0,c05d81516d2a48a79cc3063d0badf8dba17e76d6fe950a138e38c85df2abaef9,531d3d33c93066d128373d96b68b7bbbfde1c9acaac0c1ddeeac0da3d4516f71
qwen25_14b_8k,full,galvatron,1357.3151785824448,22.621919643040748,Linux process start ticks to pre-training boundary,"All workflow wall time from driver process start through ready-to-launch selected training. Includes imports, configuration, profile generation, compute/memory Profile, processing, process startup, native search and selected configuration validation/export. Communication calibration and selected training excluded.",selected,True,False,False,search_timing_evidence/qwen25_14b_8k/full/galvatron.json,/opt/hbv/trainir-h20-experiments/20260927-v1/runs/qwen25_14b_8k/galvatron/full/01/search_timing.json,89894ea23c10600f2c36c4f7d4d66b7ba04b250e8c52d843ee1b03f238d58669,,,,
qwen3_14b_4k,common,devastator,71.31288822554052,1.188548137092342,Linux process start ticks to pre-training boundary,"All workflow wall time from driver process start through ready-to-launch selected training. Includes imports, configuration, profile generation, compute/memory Profile, processing, process startup, native search and selected configuration validation/export. Communication calibration and selected training excluded.",selected,True,False,False,search_timing_evidence/qwen3_14b_4k/common/devastator.json,/opt/hbv/trainir-h20-experiments/20260928-aligned-rerun-v8/runs/qwen3_14b_4k/devastator/common/02/search_timing.json,c74ff77fad85d0e6475ceee4a3e559bd53af19fb1a146f99470091fbfaeb93ee,129,0,8794ea65f947b305c9f2e7e11924033fa92be8092850d15de6c2edbaca4d8a76,4233c30dee5dad846aa89fca50317d05d8c7ef10d40e2ab919c31f5ff44c99a0
qwen3_14b_4k,common,galvatron,1091.1205072142184,18.18534178690364,Linux process start ticks to pre-training boundary,"All workflow wall time from driver process start through ready-to-launch selected training. Includes imports, configuration, profile generation, compute/memory Profile, processing, process startup, native search and selected configuration validation/export. Communication calibration and selected training excluded.",selected,True,False,False,search_timing_evidence/qwen3_14b_4k/common/galvatron.json,/opt/hbv/trainir-h20-experiments/20260927-v1/runs/qwen3_14b_4k/galvatron/common/01/search_timing.json,f79cd05c6c718f8e7d5e4880a95503f7d84648679e177ac567022b5c950ff518,,,,
qwen3_14b_4k,full,devastator,232.21250591706485,3.8702084319510806,Linux process start ticks to pre-training boundary,"All workflow wall time from driver process start through ready-to-launch selected training. Includes imports, configuration, profile generation, compute/memory Profile, processing, process startup, native search and selected configuration validation/export. Communication calibration and selected training excluded.",selected,True,False,False,search_timing_evidence/qwen3_14b_4k/full/devastator.json,/opt/hbv/trainir-h20-experiments/20260928-aligned-rerun-v8/runs/qwen3_14b_4k/devastator/full/01/search_timing.json,1269770e4fe18519e096da344036e974e8505e6b5f56c5d673eb354132ba1f25,328,0,e6e781cadc3af94334fa4c378771aecabab4ae174bd9455b6bff6f4af92d7431,273471b1c8438b65ad4571678a8c0d440b079b4e2b47d176ec558c87a263a6e4
qwen3_14b_4k,full,galvatron,1796.0248638195917,29.933747730326527,Linux process start ticks to pre-training boundary,"All workflow wall time from driver process start through ready-to-launch selected training. Includes imports, configuration, profile generation, compute/memory Profile, processing, process startup, native search and selected configuration validation/export. Communication calibration and selected training excluded.",selected,True,False,False,search_timing_evidence/qwen3_14b_4k/full/galvatron.json,/opt/hbv/trainir-h20-experiments/20260927-v1/runs/qwen3_14b_4k/galvatron/full/01/search_timing.json,3abdfc99686a11a376f0b6c99b757d2a99bdcf7183f2e4fe3c367345b2c13fd4,,,,
